INSERT INTO public.product VALUES ('88a9ffcd-9c7d-4c26-b5a4-f375fdce699b', 'Pulidora Lustradora Auto Omaha 1500w 180mm Lustra Lijadora', 'ForjaMax', 812449.00, 31.00, 560590.81, 62287.87, 9, false, NULL, 'La Caja de Herramientas', 'https://storage.googleapis.com/daviresio-products-assets/D_623945-MLU54973032220_042023-N.jpg', 'hierramentas', false, '2024-10-07 00:13:09', '2024-10-07 00:13:09');
INSERT INTO public.product VALUES ('37b4988a-0d7e-4471-8583-2fb812e5b33f', 'Llave Francesa Ajustable Industrial Total 200 Mm Tht101083', 'Acero Firme', 682156.00, 19.00, 552546.36, 138136.59, 4, false, 'BEST_SELLER', 'Todo para el Taller', 'https://storage.googleapis.com/daviresio-products-assets/D_601183-MLU74049184756_012024-N.jpg', 'hierramentas', false, '2024-10-07 00:13:09', '2024-10-07 00:13:09');
INSERT INTO public.product VALUES ('f7424b02-565a-48d6-b3d9-ef6d8c316090', 'Amoladora Angular 115mm Hamilton 850w 220v - Haa001 Color Naranja Frecuencia 50 Hz/60 Hz', 'MaestroFix', 792403.00, 25.00, 594302.25, 118860.45, 5, true, 'BEST_SELLER', 'La Caja de Herramientas', 'https://storage.googleapis.com/daviresio-products-assets/D_630854-MLA78790536781_082024-N.jpg', 'hierramentas', false, '2024-10-07 00:13:09', '2024-10-07 00:13:09');
INSERT INTO public.product VALUES ('7942ba5b-156c-4942-b81c-ef99d564dc61', 'Soldador Soplete A Gas Techista C/gatillo A6000 Garrafa 3kg', 'ProHerram', 619403.00, 11.00, 551268.67, 68908.58, 8, false, NULL, 'El Rincón del Constructor', 'https://storage.googleapis.com/daviresio-products-assets/D_627654-MLU77121453835_062024-N.jpg', 'hierramentas', false, '2024-10-07 00:13:09', '2024-10-07 00:13:09');
INSERT INTO public.product VALUES ('358dd788-8b1a-49a8-bc9b-6e7b55e086c3', 'Vacuometro Digital Con Bluetooth 0 A 20000 Micrón Testo 552', 'MaestroFix', 471028.00, 14.00, 405084.08, 57869.15, 7, true, 'DAILY_OFFER', 'Fuerza y Precisión', 'https://storage.googleapis.com/daviresio-products-assets/D_613335-MLA32387070417_102019-N.jpg', 'hierramentas', false, '2024-10-07 00:13:09', '2024-10-07 00:13:09');
INSERT INTO public.product VALUES ('4ac649cb-f7cd-48d4-9af6-71a05ef2e33d', 'Llave Globo Medio Giro 1/4 Macho 1/4 Hembra Angulo 45º M1059', 'ForjaMax', 528191.00, 22.00, 411989.98, 58855.71, 7, false, 'BEST_SELLER', 'Herramientas del Maestro', 'https://storage.googleapis.com/daviresio-products-assets/D_647494-MLA32404784456_102019-N.jpg', 'hierramentas', false, '2024-10-07 00:13:09', '2024-10-07 00:13:09');
INSERT INTO public.product VALUES ('f192db18-27c9-43ea-83a5-758733d803a7', 'Set 24 Accesorios Sierra Multicortadora Oscilante Universal Color Gris Oscuro', 'ForjaMax', 350732.00, 5.00, 333195.40, 55532.57, 6, false, 'DAILY_OFFER', 'Herramientas del Maestro', 'https://storage.googleapis.com/daviresio-products-assets/D_617763-MLU72612730363_112023-N.jpg', 'hierramentas', false, '2024-10-07 00:13:09', '2024-10-07 00:13:09');
INSERT INTO public.product VALUES ('245b80c0-bfad-4c7a-9d67-4f480416439e', 'Total TT3506 equipo para pintar eléctrico 450w', 'Acero Firme', 973100.00, 36.00, 622784.00, 155696.00, 4, true, 'DAILY_OFFER', 'Todo para el Taller', 'https://storage.googleapis.com/daviresio-products-assets/D_630789-MLA54964002982_042023-N.jpg', 'hierramentas', false, '2024-10-07 00:13:09', '2024-10-07 00:13:09');
INSERT INTO public.product VALUES ('d1ca4155-fae3-47c5-890a-d3f2d72f45ed', 'Aceite Lusqtoff Sae 30 4t Grupos Electrógenos Compresor X 1l', 'Poder & Mano', 476948.00, 24.00, 362480.48, 40275.61, 9, true, NULL, 'La Caja de Herramientas', 'https://storage.googleapis.com/daviresio-products-assets/D_646104-MLU75076948235_032024-N.jpg', 'hierramentas', false, '2024-10-07 00:13:09', '2024-10-07 00:13:09');
INSERT INTO public.product VALUES ('d3ac9802-e761-4d38-b080-57a88683770f', 'Plantilla Guia Perforacion En Angulo Tarugos Kwb 4mm A 12mm', 'Acero Firme', 736211.00, 30.00, 515347.70, 103069.54, 5, true, 'BEST_SELLER', 'La Caja de Herramientas', 'https://storage.googleapis.com/daviresio-products-assets/D_654524-MLA54242391353_032023-N.jpg', 'hierramentas', false, '2024-10-07 00:13:09', '2024-10-07 00:13:09');
INSERT INTO public.product VALUES ('e552b865-59ac-4d97-9fa9-f04c02516116', 'Llave Crique Neumatica Bremen 3032 Enc 1/2 68nm Kit 17pz', 'MaestroFix', 531811.00, 10.00, 478629.90, 59828.74, 8, true, NULL, 'El Rincón del Constructor', 'https://storage.googleapis.com/daviresio-products-assets/D_669268-MLA42375702944_062020-N.jpg', 'hierramentas', false, '2024-10-07 00:13:09', '2024-10-07 00:13:09');
INSERT INTO public.product VALUES ('4b17b45b-fa1e-41cc-8fe9-e631c00aa03f', 'Remachadora Manual 10.5 Pulgadas Total', 'Acero Firme', 694310.00, 30.00, 486017.00, 69431.00, 7, true, NULL, 'Fuerza y Precisión', 'https://storage.googleapis.com/daviresio-products-assets/D_679247-MLU73653511087_122023-N.jpg', 'hierramentas', false, '2024-10-07 00:13:09', '2024-10-07 00:13:09');
INSERT INTO public.product VALUES ('a91fe25e-2c69-47a7-a360-535ef1c77c1a', 'Kit Set Juego 5 Limas De Acero Total 200mm', 'Poder & Mano', 947335.00, 12.00, 833655.80, 92628.42, 9, false, 'DAILY_OFFER', 'Todo para el Taller', 'https://storage.googleapis.com/daviresio-products-assets/D_689812-MLU72521939906_102023-N.jpg', 'hierramentas', false, '2024-10-07 00:13:09', '2024-10-07 00:13:09');
INSERT INTO public.product VALUES ('f766abae-b746-4f3b-8053-dd876a162e63', 'Aceite Para Bomba De Vacio Original X 1 Litro Repjul', 'MaestroFix', 443589.00, 9.00, 403666.99, 100916.75, 4, true, 'BEST_SELLER', 'Todo para el Taller', 'https://storage.googleapis.com/daviresio-products-assets/D_674173-MLA71602574500_092023-N.jpg', 'hierramentas', false, '2024-10-07 00:13:09', '2024-10-07 00:13:09');
INSERT INTO public.product VALUES ('6ca02303-ee2c-4f1a-9f7f-31f0ba1d20e4', 'Kit Completo Espatulas Y Llanas Acero Hiperseco', 'Poder & Mano', 239874.00, 13.00, 208681.38, 41736.28, 5, true, 'DAILY_OFFER', 'Herramientas del Maestro', 'https://storage.googleapis.com/daviresio-products-assets/D_741208-MLA79075803932_092024-N.jpg', 'hierramentas', false, '2024-10-07 00:13:09', '2024-10-07 00:13:09');
INSERT INTO public.product VALUES ('b852e524-b4f3-4f5f-aaef-03c448912625', 'Combo Tuerca Remaches M3 M4 M5 M6 M8 X 50 Un C/u (t.250 Un)', 'ProHerram', 406532.00, 7.00, 378073.76, 54010.54, 7, true, 'BEST_SELLER', 'El Rincón del Constructor', 'https://storage.googleapis.com/daviresio-products-assets/D_742819-MLU78030234789_072024-N.jpg', 'hierramentas', false, '2024-10-07 00:13:09', '2024-10-07 00:13:09');
INSERT INTO public.product VALUES ('6412f048-00a2-41b1-b739-18c07229bfcd', 'Varilla Aporte Tig Acero Al Carbono Er70 S3 2.4mm X1kg', 'ProHerram', 431005.00, 19.00, 349514.05, 69902.81, 5, false, NULL, 'El Rincón del Constructor', 'https://storage.googleapis.com/daviresio-products-assets/D_729970-MLA31087029857_062019-N.jpg', 'hierramentas', false, '2024-10-07 00:13:09', '2024-10-07 00:13:09');
INSERT INTO public.product VALUES ('963a3be5-0c4e-490f-994f-27ae9de3c62d', 'Juego Puntas Torx Allen Multiestria 40 Piezas Set Caja', 'ProHerram', 872169.00, 17.00, 723900.27, 120650.05, 6, true, NULL, 'Todo para el Taller', 'https://storage.googleapis.com/daviresio-products-assets/D_744992-MLA47919339445_102021-N.jpg', 'hierramentas', false, '2024-10-07 00:13:09', '2024-10-07 00:13:09');
INSERT INTO public.product VALUES ('be131d80-0e43-4a8b-bfd9-6271185e5dfc', 'Morsa Escuadra Prensa P/ Soldar 90° 100x75mm Lq Me-100 Rex', 'MaestroFix', 875638.00, 10.00, 788074.20, 112582.03, 7, true, 'DAILY_OFFER', 'Fuerza y Precisión', 'https://storage.googleapis.com/daviresio-products-assets/D_729940-MLU54973021814_042023-N.jpg', 'hierramentas', false, '2024-10-07 00:13:09', '2024-10-07 00:13:09');
INSERT INTO public.product VALUES ('571bcc4f-4d5f-4513-b923-895456b7ffcc', 'Punta Larga Ph2 Milwaukee 3 1/2 Pulgada X 5 Unida 48-32-4564', 'Acero Firme', 850237.00, 27.00, 620673.01, 124134.60, 5, true, 'BEST_SELLER', 'La Caja de Herramientas', 'https://storage.googleapis.com/daviresio-products-assets/D_746835-MLA44061013695_112020-N.jpg', 'hierramentas', false, '2024-10-07 00:13:09', '2024-10-07 00:13:09');
INSERT INTO public.product VALUES ('d9620a63-5060-4a12-a759-5adb19ea1d05', 'Lijadora De Banda, Disco Y Banco Lüsqtoff Lqlb-250 50hz 440w Color Naranja Frecuencia 50 Hz', 'ProHerram', 142098.00, 9.00, 129309.18, 21551.53, 6, true, 'DAILY_OFFER', 'Todo para el Taller', 'https://storage.googleapis.com/daviresio-products-assets/D_746244-MLA40515130905_012020-N.jpg', 'hierramentas', false, '2024-10-07 00:13:09', '2024-10-07 00:13:09');
INSERT INTO public.product VALUES ('9d85680b-2eb4-41f0-ba99-47d60b859576', 'Medidor De Distancia Láser Uni-t Lm50a 50m Electro', 'ProHerram', 805312.00, 37.00, 507346.56, 169115.52, 3, false, NULL, 'El Rincón del Constructor', 'https://storage.googleapis.com/daviresio-products-assets/D_680025-MLA48602812551_122021-N.jpg', 'hierramentas', false, '2024-10-07 00:13:09', '2024-10-07 00:13:09');
INSERT INTO public.product VALUES ('f57af3fc-095c-49cf-86e6-a03e0ea4bdc8', 'Sierra Sensitiva Cortadora Total 2350w 14'''' 355mm Industrial', 'Poder & Mano', 988031.00, 16.00, 829946.04, 103743.26, 8, false, 'DAILY_OFFER', 'Fuerza y Precisión', 'https://storage.googleapis.com/daviresio-products-assets/D_675021-MLA42052667170_062020-N.jpg', 'hierramentas', false, '2024-10-07 00:13:09', '2024-10-07 00:13:09');
INSERT INTO public.product VALUES ('160a4563-bcd5-4122-9be0-575136fbfb33', 'Pistola Inflar Medir Presión Ruedas Manómetro Harden 670506', 'ProHerram', 819735.00, 20.00, 655788.00, 93684.00, 7, false, 'BEST_SELLER', 'Fuerza y Precisión', 'https://storage.googleapis.com/daviresio-products-assets/D_662085-MLU70400284152_072023-N.jpg', 'hierramentas', false, '2024-10-07 00:13:09', '2024-10-07 00:13:09');
INSERT INTO public.product VALUES ('81702b96-cafc-49db-87bd-0367e5d1a66c', 'Bomba De Vacio Value 170 Litros / Min 2 Etapas Ve260n-pro', 'ForjaMax', 534738.00, 13.00, 465223.06, 155074.35, 3, true, NULL, 'Herramientas del Maestro', 'https://storage.googleapis.com/daviresio-products-assets/D_694605-MLA70585123151_072023-N.jpg', 'hierramentas', false, '2024-10-07 00:13:09', '2024-10-07 00:13:09');
INSERT INTO public.product VALUES ('de589e51-35e3-4836-9b37-22a932999311', 'Molde De Goma Triángulo 3d - Placas Antihumedad', 'ProHerram', 842995.00, 17.00, 699686.85, 174921.71, 4, false, NULL, 'El Rincón del Constructor', 'https://storage.googleapis.com/daviresio-products-assets/D_739752-MLA70328267682_072023-N.jpg', 'hierramentas', false, '2024-10-07 00:13:09', '2024-10-07 00:13:09');
INSERT INTO public.product VALUES ('72435f9e-4f7d-4c3d-a50c-64d8c77034d3', 'Valvula Difusora Carga Gases En Estado Liquido 1/4 Repjul', 'Poder & Mano', 605000.00, 32.00, 411400.00, 102850.00, 4, false, NULL, 'Fuerza y Precisión', 'https://storage.googleapis.com/daviresio-products-assets/D_775403-MLA71412929390_092023-N.jpg', 'hierramentas', false, '2024-10-07 00:13:09', '2024-10-07 00:13:09');
INSERT INTO public.product VALUES ('4446282e-e744-4270-b0a7-ad3b5528ebc5', 'Hamilton Aut24 Juego Sonda Galgas Milimétricas 25 Piezas Moto Auto', 'ProHerram', 689403.00, 15.00, 585992.55, 65110.28, 9, false, 'BEST_SELLER', 'La Caja de Herramientas', 'https://storage.googleapis.com/daviresio-products-assets/D_761599-MLA75807938988_042024-N.jpg', 'hierramentas', false, '2024-10-07 00:13:09', '2024-10-07 00:13:09');
INSERT INTO public.product VALUES ('a401f61d-4d0c-4d1d-9fc3-0718ccc15507', 'Acoples Rapido Kit Completo Para Compresor 1/4 5 Pzs', 'Poder & Mano', 528191.00, 22.00, 411989.98, 58855.71, 7, true, 'DAILY_OFFER', 'El Rincón del Constructor', 'https://storage.googleapis.com/daviresio-products-assets/D_772759-MLA75405644451_032024-N.jpg', 'hierramentas', false, '2024-10-07 00:13:09', '2024-10-07 00:13:09');
INSERT INTO public.product VALUES ('40ce64d3-7d10-471e-99c4-972106af62fd', 'Elevador De Placas Panel Yeso Lusqtoff Durlock Epyl335-8', 'Poder & Mano', 749362.00, 18.00, 614476.84, 153619.21, 4, true, 'DAILY_OFFER', 'Fuerza y Precisión', 'https://storage.googleapis.com/daviresio-products-assets/D_775273-MLA73565825591_122023-N.jpg', 'hierramentas', false, '2024-10-07 00:13:09', '2024-10-07 00:13:09');
INSERT INTO public.product VALUES ('ca77bdca-6e1a-4c39-a747-425eccf2ce94', 'Peines Sondas Calibre Para Medir Roscas Mm Sae Ruhlmann', 'ForjaMax', 429875.00, 26.00, 318106.50, 45443.79, 7, true, 'BEST_SELLER', 'Herramientas del Maestro', 'https://storage.googleapis.com/daviresio-products-assets/D_761346-MLU75640993684_042024-N.jpg', 'hierramentas', false, '2024-10-07 00:13:09', '2024-10-07 00:13:09');
INSERT INTO public.product VALUES ('db13312f-2632-410e-90ce-df5619d09601', 'Molde De Goma Onda - Placas Antihumedad', 'MaestroFix', 608492.00, 13.00, 529387.04, 66173.38, 8, false, 'BEST_SELLER', 'El Rincón del Constructor', 'https://storage.googleapis.com/daviresio-products-assets/D_748037-MLA70439745087_072023-N.jpg', 'hierramentas', false, '2024-10-07 00:13:09', '2024-10-07 00:13:09');
INSERT INTO public.product VALUES ('2a54549c-71c8-4d10-8e53-c84c6a821903', 'Disco De Corte P Sierra Sensitiva 14 355 X 3 X 25,4mm Acero', 'ForjaMax', 952628.00, 24.00, 724696.72, 103528.10, 7, false, NULL, 'El Rincón del Constructor', 'https://storage.googleapis.com/daviresio-products-assets/D_798718-MLA77384062918_072024-N.jpg', 'hierramentas', false, '2024-10-07 00:13:09', '2024-10-07 00:13:09');
INSERT INTO public.product VALUES ('62811f64-edee-481d-aa3f-25840474549e', 'Cinta Metrica Bremen 5 Metros Auto Frenante Fleje 25mm 7613', 'MaestroFix', 401728.00, 6.00, 377623.32, 62937.22, 6, false, 'DAILY_OFFER', 'Herramientas del Maestro', 'https://storage.googleapis.com/daviresio-products-assets/D_796797-MLU72748955530_112023-N.jpg', 'hierramentas', false, '2024-10-07 00:13:09', '2024-10-07 00:13:09');
INSERT INTO public.product VALUES ('5ab6c3f4-a4d6-4bc1-95a4-45c728522a8a', 'Masa Magnética Soldar 50 Mm 200amp Crossmaster 9932290', 'Poder & Mano', 670410.00, 33.00, 449174.70, 89834.94, 5, false, 'BEST_SELLER', 'Fuerza y Precisión', 'https://storage.googleapis.com/daviresio-products-assets/D_795275-MLU75366832505_032024-N.jpg', 'hierramentas', false, '2024-10-07 00:13:09', '2024-10-07 00:13:09');
INSERT INTO public.product VALUES ('a357d06b-a3fd-48c2-bb72-21f26995f8ec', 'Cepillo Circular Ac Bronceado Trenzado Amoladora Banco 200mm', 'Acero Firme', 994762.00, 18.00, 815705.96, 203926.49, 4, false, 'DAILY_OFFER', 'El Rincón del Constructor', 'https://storage.googleapis.com/daviresio-products-assets/D_802338-MLA46256898184_062021-N.jpg', 'hierramentas', false, '2024-10-07 00:13:09', '2024-10-07 00:13:09');
INSERT INTO public.product VALUES ('313cf194-f777-4304-a6fb-86ca66558aec', 'Mezclador De Pintura Cemento Yeso Enduido 1300w Salkor', 'MaestroFix', 884567.00, 20.00, 707653.60, 176913.40, 4, true, NULL, 'Fuerza y Precisión', 'https://storage.googleapis.com/daviresio-products-assets/D_793589-MLU73662404601_122023-N.jpg', 'hierramentas', false, '2024-10-07 00:13:09', '2024-10-07 00:13:09');
INSERT INTO public.product VALUES ('d2d958ea-5130-4b7b-9ba4-ba1ac287f93a', 'Rotomartillo electroneumático Omaha RM-36PLUS rojo frecuencia de 50Hz con 1800W de potencia 220V-230V
', 'ForjaMax', 101239.00, 11.00, 90002.71, 18000.54, 5, false, 'BEST_SELLER', 'Todo para el Taller', 'https://storage.googleapis.com/daviresio-products-assets/D_801062-MLU72761478840_112023-N.jpg', 'hierramentas', false, '2024-10-07 00:13:09', '2024-10-07 00:13:09');
INSERT INTO public.product VALUES ('bfad1c15-959b-4ac0-a861-f164493bebf4', 'Clavadora Engrampadora Neumatica 2 En 1 Total Tat81501', 'Acero Firme', 943101.00, 23.00, 726188.77, 80687.64, 9, true, NULL, 'El Rincón del Constructor', 'https://storage.googleapis.com/daviresio-products-assets/D_818502-MLA72390057200_102023-N.jpg', 'hierramentas', false, '2024-10-07 00:13:09', '2024-10-07 00:13:09');
INSERT INTO public.product VALUES ('0fc63cf1-014c-481c-b751-21571834993e', 'Manguera 7.5m + Pistola Neumática + Acople Rápido', 'Acero Firme', 290134.00, 32.00, 197291.12, 24661.39, 8, true, NULL, 'El Rincón del Constructor', 'https://storage.googleapis.com/daviresio-products-assets/D_820798-MLA49434295949_032022-N.jpg', 'hierramentas', false, '2024-10-07 00:13:09', '2024-10-07 00:13:09');
INSERT INTO public.product VALUES ('859d29ba-f550-432a-8f01-17cc87e895a1', 'Guante Soldador Forrado Reforzado Kevlar Steelpro Oferta!!', 'Acero Firme', 352180.00, 24.00, 267656.40, 53531.28, 5, true, 'BEST_SELLER', 'Herramientas del Maestro', 'https://storage.googleapis.com/daviresio-products-assets/D_798663-MLA48067662515_102021-N.jpg', 'hierramentas', false, '2024-10-07 00:13:09', '2024-10-07 00:13:09');
INSERT INTO public.product VALUES ('3b12be5c-49c5-4485-933c-99fcda16ddac', 'Válvula Regulador Liga Tubo Argon Atal Caudal Autoreg Migtig', 'Poder & Mano', 503247.00, 28.00, 362337.84, 40259.76, 9, true, 'BEST_SELLER', 'La Caja de Herramientas', 'https://storage.googleapis.com/daviresio-products-assets/D_694931-MLA70867947129_082023-N.jpg', 'hierramentas', false, '2024-10-07 00:13:09', '2024-10-07 00:13:09');
INSERT INTO public.product VALUES ('60194037-eeec-494b-b811-8cd483b2c5ca', 'Set Kit Juego De Limas Cortas Total 6 Piezas 140 Mm', 'ProHerram', 912380.00, 12.00, 802886.40, 100360.80, 8, true, 'BEST_SELLER', 'Herramientas del Maestro', 'https://storage.googleapis.com/daviresio-products-assets/D_696296-MLU72591480989_102023-N.jpg', 'hierramentas', false, '2024-10-07 00:13:09', '2024-10-07 00:13:09');
INSERT INTO public.product VALUES ('26adfbd7-4308-4fb9-9a58-b3a3312923fb', 'Atornillador De Impacto 285nm 20v Total Color Azul Petróleo', 'MaestroFix', 304759.00, 5.00, 289521.05, 72380.26, 4, false, 'DAILY_OFFER', 'La Caja de Herramientas', 'https://storage.googleapis.com/daviresio-products-assets/D_709451-MLU77148110099_062024-N.jpg', 'hierramentas', false, '2024-10-07 00:13:09', '2024-10-07 00:13:09');
INSERT INTO public.product VALUES ('d87b332e-6f9f-477a-bced-25aa9cc14813', 'Tapa Metalica Para Tubo De Nitrogeno Argon Atal Co2', 'ForjaMax', 425678.00, 21.00, 336286.62, 48040.95, 7, false, 'BEST_SELLER', 'Fuerza y Precisión', 'https://storage.googleapis.com/daviresio-products-assets/D_717073-MLA78632642014_092024-N.jpg', 'hierramentas', false, '2024-10-07 00:13:09', '2024-10-07 00:13:09');
INSERT INTO public.product VALUES ('88543220-43d9-4e78-a341-5ae8756e9ccf', 'Maguera Para Compresor 10 Metros Con Acoples Rapido 1/4', 'Poder & Mano', 836410.00, 25.00, 627307.50, 209102.50, 3, false, 'BEST_SELLER', 'La Caja de Herramientas', 'https://storage.googleapis.com/daviresio-products-assets/D_708715-MLA75165639371_032024-N.jpg', 'hierramentas', false, '2024-10-07 00:13:09', '2024-10-07 00:13:09');
INSERT INTO public.product VALUES ('d7e769e2-695f-42c7-b17a-7df527bd8bec', 'Saca Óvulos 1/4 Flare Para Refrigeracion Con Llave Globo', 'ProHerram', 720349.00, 19.00, 583482.69, 64831.41, 9, false, NULL, 'El Rincón del Constructor', 'https://storage.googleapis.com/daviresio-products-assets/D_709805-MLA53247755756_012023-N.jpg', 'hierramentas', false, '2024-10-07 00:13:09', '2024-10-07 00:13:09');
INSERT INTO public.product VALUES ('fe20c078-8d46-4ed6-9539-952a73a30ef9', 'Prensa Sargento Tipo G 8 Pulgadas Harden Profesional', 'ForjaMax', 935627.00, 18.00, 767211.14, 95901.39, 8, true, NULL, 'Todo para el Taller', 'https://storage.googleapis.com/daviresio-products-assets/D_709254-MLU70338698113_072023-N.jpg', 'hierramentas', false, '2024-10-07 00:13:09', '2024-10-07 00:13:09');
INSERT INTO public.product VALUES ('7f935a27-91ea-4fbe-ac05-49f5394963ae', 'Soldadora Inverter Mma Tig Dual Lusqtoff Smarttig-ac/dc-20', 'ForjaMax', 193501.00, 16.00, 162541.00, 27090.17, 6, true, 'BEST_SELLER', 'Todo para el Taller', 'https://storage.googleapis.com/daviresio-products-assets/D_706850-MLA78292836251_082024-N.jpg', 'hierramentas', false, '2024-10-07 00:13:09', '2024-10-07 00:13:09');
INSERT INTO public.product VALUES ('55aef443-0f11-428a-8066-451d0f5ecddb', 'Lijadora De techo Y Pared LQAP-220 Lüsqtoff - Naranja - 220V - 50 Hz 750w Maletin', 'ForjaMax', 753418.00, 30.00, 527392.60, 105478.52, 5, false, 'DAILY_OFFER', 'El Rincón del Constructor', 'https://storage.googleapis.com/daviresio-products-assets/D_709925-MLU72635662187_112023-N.jpg', 'hierramentas', false, '2024-10-07 00:13:09', '2024-10-07 00:13:09');
INSERT INTO public.product VALUES ('90c5841b-7a84-4193-b961-d6ec5891f4bd', 'Manguera Alto Vacio Largo 1.5 Mt Conexión 3/8 X 3/8 Flare', 'ForjaMax', 691304.00, 22.00, 538216.32, 67277.04, 8, true, 'DAILY_OFFER', 'Todo para el Taller', 'https://storage.googleapis.com/daviresio-products-assets/D_717265-MLA47980118994_102021-N.jpg', 'hierramentas', false, '2024-10-07 00:13:09', '2024-10-07 00:13:09');
INSERT INTO public.product VALUES ('82af3f2e-5954-4fd7-82d8-ca70a1e02eda', 'Disco Flap 115 Pack 20 Un - Grano 40-60-80 Y 120 - 5 Un C/u', 'ProHerram', 989034.00, 24.00, 751669.84, 250556.61, 3, false, NULL, 'Herramientas del Maestro', 'https://storage.googleapis.com/daviresio-products-assets/D_699310-MLA45639788531_042021-N.jpg', 'hierramentas', false, '2024-10-07 00:13:09', '2024-10-07 00:13:09');
INSERT INTO public.product VALUES ('b742d934-1d1d-439b-9012-a07d28f7ffc1', 'Guante Vaqueta Amarilla 1/2 Paseo-oferta-solo Por Docena', 'Acero Firme', 729394.00, 29.00, 517864.74, 64733.09, 8, true, 'BEST_SELLER', 'Herramientas del Maestro', 'https://storage.googleapis.com/daviresio-products-assets/D_713268-MLA27970562638_082018-N.jpg', 'hierramentas', false, '2024-10-07 00:13:09', '2024-10-07 00:13:09');
INSERT INTO public.product VALUES ('340f67ff-8d09-418a-b137-8d2e25f655b8', 'Combo Maza 1500gr Corta Fierro Punta 350mm Gherardi', 'Poder & Mano', 786371.00, 17.00, 652688.93, 163172.23, 4, true, 'BEST_SELLER', 'Fuerza y Precisión', 'https://storage.googleapis.com/daviresio-products-assets/D_719124-MLA32016159014_082019-N.jpg', 'hierramentas', false, '2024-10-07 00:13:09', '2024-10-07 00:13:09');
INSERT INTO public.product VALUES ('e12b2d2f-acc7-4a2b-beb6-73bac67a6bdf', 'Escuadra Multiangulo Con Sombrero Aluminio 7 Bremen 7647', 'Poder & Mano', 813924.00, 33.00, 545331.08, 181777.03, 3, true, NULL, 'Todo para el Taller', 'https://storage.googleapis.com/daviresio-products-assets/D_728978-MLA46896847693_072021-N.jpg', 'hierramentas', false, '2024-10-07 00:13:09', '2024-10-07 00:13:09');
INSERT INTO public.product VALUES ('7c44b44f-bf3e-495a-852c-6299f8709344', 'Morsa De Banco Giratoria P/ Yunque Nro 8 Taller Refor Barovo', 'MaestroFix', 639473.00, 33.00, 428445.91, 85689.18, 5, false, 'BEST_SELLER', 'La Caja de Herramientas', 'https://storage.googleapis.com/daviresio-products-assets/D_838160-MLA79399670670_092024-N.jpg', 'hierramentas', false, '2024-10-07 00:13:09', '2024-10-07 00:13:09');
INSERT INTO public.product VALUES ('5ddfa9ac-6e77-4f7e-972e-1f1a73e09f4a', 'Nivel Láser De Líneas 360 Bosch Gll 3-80g', 'ForjaMax', 733109.00, 14.00, 630473.74, 157618.44, 4, true, NULL, 'Todo para el Taller', 'https://storage.googleapis.com/daviresio-products-assets/D_850727-MLA69053704866_042023-N.jpg', 'hierramentas', false, '2024-10-07 00:13:09', '2024-10-07 00:13:09');
INSERT INTO public.product VALUES ('f80fbdc9-791c-407c-aae6-fbddd950ff32', 'Filtro Regulador De Presion Para Compresor 1/4 Rotake', 'MaestroFix', 875638.00, 10.00, 788074.20, 112582.03, 7, true, 'DAILY_OFFER', 'El Rincón del Constructor', 'https://storage.googleapis.com/daviresio-products-assets/D_842188-MLA49273113436_032022-N.jpg', 'hierramentas', false, '2024-10-07 00:13:09', '2024-10-07 00:13:09');
INSERT INTO public.product VALUES ('65442f7b-468e-4eae-9a75-3b2e89f0b648', 'Regulador De Aire Manómetro Soplete Pintar Neumaticas Truper', 'Poder & Mano', 499321.00, 9.00, 454387.11, 151462.37, 3, false, 'DAILY_OFFER', 'Fuerza y Precisión', 'https://storage.googleapis.com/daviresio-products-assets/D_887353-MLU73129913874_122023-N.jpg', 'hierramentas', false, '2024-10-07 00:13:09', '2024-10-07 00:13:09');
INSERT INTO public.product VALUES ('f7ee07ff-55f9-44d6-bf7a-07da3591bc38', 'Escuadra Aluminio Con Sombrero 7 Pulgada Carpintero Matezz', 'Acero Firme', 537849.00, 26.00, 398008.26, 56858.32, 7, false, 'DAILY_OFFER', 'El Rincón del Constructor', 'https://storage.googleapis.com/daviresio-products-assets/D_874937-MLA71522434515_092023-N.jpg', 'hierramentas', false, '2024-10-07 00:13:09', '2024-10-07 00:13:09');
INSERT INTO public.product VALUES ('1ba5e6db-2637-4045-9ea8-3ec71018ecc5', 'Set Cables Pinza Masa Portaelectrodo Soldadoras 300 Lusqtoff', 'MaestroFix', 444110.00, 8.00, 408581.20, 68096.87, 6, false, 'BEST_SELLER', 'El Rincón del Constructor', 'https://storage.googleapis.com/daviresio-products-assets/D_897363-MLU74117217954_012024-N.jpg', 'hierramentas', false, '2024-10-07 00:13:09', '2024-10-07 00:13:09');
INSERT INTO public.product VALUES ('eb95e056-34f5-4fca-8196-e79de1e42e51', 'Amoladora Angular Lusqtoff 820-L 720W 220V 115mm 4.5'''' con Discos Color Naranja 50hz', 'ProHerram', 764938.00, 28.00, 550755.36, 137688.84, 4, false, 'DAILY_OFFER', 'El Rincón del Constructor', 'https://www.mercadolibre.com.ar/amoladora-angular-lusqtoff-820-l-720w-220v-115mm-45-con-discos-color-naranja-50hz/p/MLA36453870?pdp_filters=item_id:MLA1791791254', 'hierramentas', false, '2024-10-07 00:13:09', '2024-10-07 00:13:09');
INSERT INTO public.product VALUES ('b6b48660-1b37-4301-baf5-4c02271f9734', 'Saca Ovulos + 4 Ovulos Para Refrigeracion', 'MaestroFix', 418375.00, 20.00, 334700.00, 41837.50, 8, true, NULL, 'Herramientas del Maestro', 'https://storage.googleapis.com/daviresio-products-assets/D_874176-MLA46578171988_072021-N.jpg', 'hierramentas', false, '2024-10-07 00:13:09', '2024-10-07 00:13:09');
INSERT INTO public.product VALUES ('f1d22c14-e216-4351-953e-23658da77ef3', 'Mascara Careta Fotosensible Lusqtoff Soldar St-1b Batman Color Naranja', 'ForjaMax', 965500.00, 23.00, 743435.00, 247811.67, 3, false, 'BEST_SELLER', 'Fuerza y Precisión', 'https://storage.googleapis.com/daviresio-products-assets/D_770957-MLU74071699282_012024-N.jpg', 'hierramentas', false, '2024-10-07 00:13:09', '2024-10-07 00:13:09');
INSERT INTO public.product VALUES ('689c2f3e-167f-4dbe-99ae-a9490d6bef13', 'Pinza De Fuerza Tipo C 11 Pg Flexible Harden 54084', 'Acero Firme', 284500.00, 13.00, 247515.00, 82505.00, 3, true, NULL, 'El Rincón del Constructor', 'https://storage.googleapis.com/daviresio-products-assets/D_791048-MLU72565794742_112023-N.jpg', 'hierramentas', false, '2024-10-07 00:13:09', '2024-10-07 00:13:09');
INSERT INTO public.product VALUES ('143b6137-b5a9-442a-a1f2-4c6662d134a8', 'Tubo 6m3 Nitrogeno Argon Co2 Atal Agamix Sin Tulipa', 'ForjaMax', 540128.00, 25.00, 405096.00, 67516.00, 6, false, 'BEST_SELLER', 'La Caja de Herramientas', 'https://storage.googleapis.com/daviresio-products-assets/D_762390-MLA78633023944_092024-N.jpg', 'hierramentas', false, '2024-10-07 00:13:09', '2024-10-07 00:13:09');
INSERT INTO public.product VALUES ('a375533d-b101-4c04-ad09-32423b21bbc0', 'Juego De Manguera Value Para Manifold R 410', 'ProHerram', 305391.00, 21.00, 241260.99, 80420.33, 3, true, 'DAILY_OFFER', 'Herramientas del Maestro', 'https://storage.googleapis.com/daviresio-products-assets/D_784808-MLA40451062487_012020-N.jpg', 'hierramentas', false, '2024-10-07 00:13:09', '2024-10-07 00:13:09');
INSERT INTO public.product VALUES ('c069cf14-1908-4057-9694-13fc0df64c6b', 'Electrodo De Tungsteno Punta Gris 2,4 Mm Tig 10 Unidades', 'Poder & Mano', 493201.00, 23.00, 379764.77, 75952.95, 5, true, NULL, 'El Rincón del Constructor', 'https://storage.googleapis.com/daviresio-products-assets/D_798155-MLA52221625702_102022-N.jpg', 'hierramentas', false, '2024-10-07 00:13:09', '2024-10-07 00:13:09');
INSERT INTO public.product VALUES ('3ba7351d-1ab3-4534-8866-ff96b590358c', 'Mecha Copa 32mm Para Acero Inoxidable-hierro-aluminio Danfec', 'MaestroFix', 622393.00, 32.00, 423226.84, 47024.09, 9, true, NULL, 'Todo para el Taller', 'https://storage.googleapis.com/daviresio-products-assets/D_827855-MLA50541921830_072022-N.jpg', 'hierramentas', false, '2024-10-07 00:13:09', '2024-10-07 00:13:09');
INSERT INTO public.product VALUES ('20158c06-5555-4442-96c0-cdf8dd69ec2c', 'Fresadora Router De Mano Palma 600w Total Con Guías', 'Poder & Mano', 406532.00, 7.00, 378073.76, 54010.54, 7, false, 'DAILY_OFFER', 'Fuerza y Precisión', 'https://storage.googleapis.com/daviresio-products-assets/D_810982-MLA50835314565_072022-N.jpg', 'hierramentas', false, '2024-10-07 00:13:09', '2024-10-07 00:13:09');
INSERT INTO public.product VALUES ('48c6c5af-1fa9-4b3e-ba3c-4494e011b223', 'Remachadora De Rosca Para Tuercas T / Tijera M3 A M12 Harden', 'MaestroFix', 409752.00, 13.00, 356489.24, 89122.31, 4, true, NULL, 'Fuerza y Precisión', 'https://storage.googleapis.com/daviresio-products-assets/D_819064-MLU78052220195_072024-N.jpg', 'hierramentas', false, '2024-10-07 00:13:09', '2024-10-07 00:13:09');
INSERT INTO public.product VALUES ('9e7eaf0b-c985-4da1-af93-559bac961b76', 'Vacuometro Bomba De Vacio Value 1/8 + Tee + Codo B. Dosivac', 'MaestroFix', 209531.00, 5.00, 199054.45, 33175.74, 6, true, 'DAILY_OFFER', 'La Caja de Herramientas', 'https://storage.googleapis.com/daviresio-products-assets/D_832355-MLA74927103769_032024-N.jpg', 'hierramentas', false, '2024-10-07 00:13:09', '2024-10-07 00:13:09');
INSERT INTO public.product VALUES ('6051bc8a-d6da-4a2d-9f01-13236d276f6c', 'Pinza Pelacables Automatico Frontal Bremen Corta Cable 7725', 'Acero Firme', 679301.00, 18.00, 556227.82, 79461.12, 7, true, 'BEST_SELLER', 'La Caja de Herramientas', 'https://storage.googleapis.com/daviresio-products-assets/D_835117-MLU70121271992_062023-N.jpg', 'hierramentas', false, '2024-10-07 00:13:09', '2024-10-07 00:13:09');
INSERT INTO public.product VALUES ('f379f62f-9e47-4c7f-bbca-7ae47dd591fe', 'Calibre Metalico Escala Vernier Y Mm Mecanico Bremen 150mm', 'MaestroFix', 184902.00, 15.00, 157166.70, 52388.90, 3, true, NULL, 'La Caja de Herramientas', 'https://storage.googleapis.com/daviresio-products-assets/D_889415-MLU74860497407_032024-N.jpg', 'hierramentas', false, '2024-10-07 00:13:09', '2024-10-07 00:13:09');
INSERT INTO public.product VALUES ('58cde7e1-beba-442f-a530-a81666a2c002', 'Punzon Punto De Centrar Automatico Bremen Metal Codigo 0344', 'Acero Firme', 392185.00, 18.00, 321592.70, 80398.17, 4, false, NULL, 'Herramientas del Maestro', 'https://storage.googleapis.com/daviresio-products-assets/D_867581-MLA50401878086_062022-N.jpg', 'hierramentas', false, '2024-10-07 00:13:09', '2024-10-07 00:13:09');
INSERT INTO public.product VALUES ('96071bb9-42ba-4548-8c70-e7b7e27f6344', 'Lija De Banda 915 X 100 Mm (x) 5 Unid Grano 120 1ra Calidad', 'ForjaMax', 570493.00, 10.00, 513443.70, 73349.10, 7, false, 'BEST_SELLER', 'Herramientas del Maestro', 'https://storage.googleapis.com/daviresio-products-assets/D_904832-MLA74652940075_022024-N.jpg', 'hierramentas', false, '2024-10-07 00:13:09', '2024-10-07 00:13:09');
INSERT INTO public.product VALUES ('6097593c-1e01-4c1a-b388-7ee1b2a269a9', 'Set Juego De 4 Formones Total 6 12 19 25 Mm Cromo Vanadio', 'MaestroFix', 264781.00, 22.00, 206528.18, 22947.58, 9, false, 'BEST_SELLER', 'Herramientas del Maestro', 'https://storage.googleapis.com/daviresio-products-assets/D_851628-MLU72700921877_112023-N.jpg', 'hierramentas', false, '2024-10-07 00:13:09', '2024-10-07 00:13:09');
INSERT INTO public.product VALUES ('22fed844-4e30-42ac-9894-c87c8ee51287', 'Balanza Carga Refrigerantes Value Automática Ves100b 100kg', 'MaestroFix', 893473.00, 12.00, 786255.24, 262085.08, 3, true, 'DAILY_OFFER', 'Fuerza y Precisión', 'https://storage.googleapis.com/daviresio-products-assets/D_866317-MLA70473610794_072023-N.jpg', 'hierramentas', false, '2024-10-07 00:13:09', '2024-10-07 00:13:09');
INSERT INTO public.product VALUES ('7d7a1f76-45a9-4893-b29a-16e54982c83b', 'Batería 20v 4.0ah Total', 'Poder & Mano', 876501.00, 28.00, 631081.72, 105180.29, 6, false, 'BEST_SELLER', 'Fuerza y Precisión', 'https://storage.googleapis.com/daviresio-products-assets/D_877855-MLA49555922122_042022-N.jpg', 'hierramentas', false, '2024-10-07 00:13:09', '2024-10-07 00:13:09');
INSERT INTO public.product VALUES ('7fb923d1-fea1-4058-a5ce-df9f430ef633', 'Set Juego llaves hexagonales y torx x 18u industrial total', 'MaestroFix', 272108.00, 8.00, 250340.36, 35763.48, 7, false, 'DAILY_OFFER', 'El Rincón del Constructor', 'https://storage.googleapis.com/daviresio-products-assets/D_848244-MLU75357926503_032024-N.jpg', 'hierramentas', false, '2024-10-07 00:13:09', '2024-10-07 00:13:09');
INSERT INTO public.product VALUES ('5b202b75-bd3f-4e3c-942d-cef9c2a809cf', 'Sierra Multicortadora Oscilante 350w Mc350 Omaha Lacueva', 'ProHerram', 675032.00, 24.00, 513825.28, 85637.55, 6, true, 'BEST_SELLER', 'Todo para el Taller', 'https://storage.googleapis.com/daviresio-products-assets/D_917630-MLA49973361980_052022-N.jpg', 'hierramentas', false, '2024-10-07 00:13:09', '2024-10-07 00:13:09');
INSERT INTO public.product VALUES ('d20f2993-c84d-43e5-af3c-5fadd4dd6a37', 'Cuchara De Albañil | 7 Punta Roma | Bremen® 7223', 'Poder & Mano', 480195.00, 14.00, 412967.70, 45885.30, 9, false, NULL, 'El Rincón del Constructor', 'https://storage.googleapis.com/daviresio-products-assets/D_928891-MLU78921351561_092024-N.jpg', 'hierramentas', false, '2024-10-07 00:13:09', '2024-10-07 00:13:09');
INSERT INTO public.product VALUES ('2d95b768-00c3-4bcb-956b-fdc525e8e112', 'Filtro Regulador Trampa Agua Para Compresor 1/4 H1 Hamilton', 'Acero Firme', 754306.00, 6.00, 709047.64, 101292.52, 7, true, 'DAILY_OFFER', 'Todo para el Taller', 'https://storage.googleapis.com/daviresio-products-assets/D_916951-MLU72566242096_112023-N.jpg', 'hierramentas', false, '2024-10-07 00:13:09', '2024-10-07 00:13:09');
INSERT INTO public.product VALUES ('922ef6fd-fe11-4d9f-bda2-b173f16e496d', 'Kit Crimpeadora C/1200 Terminales + Alicate Precisión Brinna', 'Acero Firme', 475103.00, 22.00, 370580.34, 41175.59, 9, true, NULL, 'La Caja de Herramientas', 'https://storage.googleapis.com/daviresio-products-assets/D_907371-MLA73905640485_012024-N.jpg', 'hierramentas', false, '2024-10-07 00:13:09', '2024-10-07 00:13:09');
INSERT INTO public.product VALUES ('e15d9ca7-c6b6-48c2-a044-e69a46559553', 'Llave Extractor Resistencia Termotanque Eléctrico 56mm Merlo', 'ProHerram', 618354.00, 34.00, 408113.64, 136037.88, 3, false, 'BEST_SELLER', 'El Rincón del Constructor', 'https://storage.googleapis.com/daviresio-products-assets/D_955176-MLA54581792743_032023-N.jpg', 'hierramentas', false, '2024-10-07 00:13:09', '2024-10-07 00:13:09');
INSERT INTO public.product VALUES ('b0f2b375-bef2-4cb7-9acf-375676d53e71', 'Compresor De Aire A Correa Lusqtoff 3hp 200 Litros Monofasic
', 'Acero Firme', 718408.00, 28.00, 516232.96, 73747.57, 7, true, NULL, 'Herramientas del Maestro', 'https://storage.googleapis.com/daviresio-products-assets/D_929802-MLA74217364469_012024-N.jpg', 'hierramentas', false, '2024-10-07 00:13:09', '2024-10-07 00:13:09');
INSERT INTO public.product VALUES ('338ab18b-5de1-4f6e-bb34-b4a9729c9e39', 'Pistola Pintar Soplete Gravedad Hvlp Bremen Profesional 5937', 'MaestroFix', 374251.00, 27.00, 273203.23, 30355.91, 9, false, NULL, 'Fuerza y Precisión', 'https://storage.googleapis.com/daviresio-products-assets/D_955321-MLA45119663264_032021-N.jpg', 'hierramentas', false, '2024-10-07 00:13:09', '2024-10-07 00:13:09');
INSERT INTO public.product VALUES ('473fd385-e00b-4185-b487-8d2381837d40', 'Regulador De Nitrogeno Alta R 410a Baja R22/12 Envio Gratis', 'Poder & Mano', 815920.00, 30.00, 571144.00, 142786.00, 4, false, NULL, 'Todo para el Taller', 'https://storage.googleapis.com/daviresio-products-assets/D_925358-MLA76125059118_052024-N.jpg', 'hierramentas', false, '2024-10-07 00:13:09', '2024-10-07 00:13:09');
INSERT INTO public.product VALUES ('2945d7c9-dc79-461e-b74f-b16bc40cd743', 'Cilindro Nitrógeno 1 Mt3 Con Tulipa Sin Carga', 'ProHerram', 108700.00, 10.00, 97830.00, 32610.00, 3, true, 'BEST_SELLER', 'La Caja de Herramientas', 'https://storage.googleapis.com/daviresio-products-assets/D_940266-MLA72001026569_092023-N.jpg', 'hierramentas', false, '2024-10-07 00:13:09', '2024-10-07 00:13:09');
INSERT INTO public.product VALUES ('cd81a6e8-c71f-4c84-a374-9203f010fcb3', 'Escuadra Magnética Soldar 34kg 5 Angulos Crossmaster 9932276', 'ForjaMax', 764938.00, 28.00, 550755.36, 137688.84, 4, true, NULL, 'Todo para el Taller', 'https://storage.googleapis.com/daviresio-products-assets/D_952486-MLA76252983885_052024-N.jpg', 'hierramentas', false, '2024-10-07 00:13:09', '2024-10-07 00:13:09');
INSERT INTO public.product VALUES ('d02b559a-b5fc-45fc-be0f-267aed67e58a', 'Filtro Regulador Aire Manometro 1/2'''' Trampa Agua Lubricador', 'ForjaMax', 884932.00, 12.00, 778739.36, 86526.60, 9, true, 'DAILY_OFFER', 'Todo para el Taller', 'https://storage.googleapis.com/daviresio-products-assets/D_995195-MLU73420525359_122023-N.jpg', 'hierramentas', false, '2024-10-07 00:13:09', '2024-10-07 00:13:09');
INSERT INTO public.product VALUES ('c2b42ee1-49f4-4ad0-b05a-a30c70c04b6b', 'Set Kit 3 Piezas Limas Total Industrial 8 Pulgadas Madera', 'Acero Firme', 395017.00, 14.00, 339714.62, 42464.33, 8, true, 'DAILY_OFFER', 'Fuerza y Precisión', 'https://storage.googleapis.com/daviresio-products-assets/D_997027-MLA48794512774_012022-N.jpg', 'hierramentas', false, '2024-10-07 00:13:09', '2024-10-07 00:13:09');
INSERT INTO public.product VALUES ('ff57e187-093c-4035-87ea-5f2cf4bd20a0', 'Cortadora De Marmol Concreto Hormigón Total 1400w + Disco', 'ProHerram', 103987.00, 4.00, 99827.52, 19965.50, 5, false, 'BEST_SELLER', 'Todo para el Taller', 'https://storage.googleapis.com/daviresio-products-assets/D_985835-MLA49480896334_032022-N.jpg', 'hierramentas', false, '2024-10-07 00:13:09', '2024-10-07 00:13:09');
INSERT INTO public.product VALUES ('e2e3556f-7a26-4c45-9cb3-28bb4eb61b8b', '4 Ruedas Para Andamios Tubulares C/ Freno Chapa Y Goma 160mm', 'Acero Firme', 618354.00, 34.00, 408113.64, 136037.88, 3, false, NULL, 'La Caja de Herramientas', 'https://storage.googleapis.com/daviresio-products-assets/D_958445-MLA74716760843_022024-N.jpg', 'hierramentas', false, '2024-10-07 00:13:09', '2024-10-07 00:13:09');
INSERT INTO public.product VALUES ('5d14897a-836d-471d-b77a-055ba453187c', 'Goniómetro-inclinómetro Medidor Angulos Crossmaster 9936598', 'ForjaMax', 463718.00, 19.00, 375612.58, 53659.08, 7, false, 'DAILY_OFFER', 'Herramientas del Maestro', 'https://storage.googleapis.com/daviresio-products-assets/D_976804-MLU72854906534_112023-N.jpg', 'hierramentas', false, '2024-10-07 00:13:09', '2024-10-07 00:13:09');
INSERT INTO public.product VALUES ('edf25c3b-d07b-4ce0-a079-9334d5e37fbc', 'Purga Automática Drenaje Trampa Agua Compresor Aire 1/2', 'ProHerram', 493201.00, 23.00, 379764.77, 75952.95, 5, true, 'BEST_SELLER', 'Herramientas del Maestro', 'https://storage.googleapis.com/daviresio-products-assets/D_968896-MLA46011672287_052021-N.jpg', 'hierramentas', false, '2024-10-07 00:13:09', '2024-10-07 00:13:09');
INSERT INTO public.product VALUES ('d226a623-4f95-4cda-9f35-83487104139d', 'Amoladora Recta Neumatica Bremen Kit 16 Pz Matriceria Torno 3030', 'ProHerram', 573128.00, 9.00, 521548.12, 65193.52, 8, true, 'DAILY_OFFER', 'Herramientas del Maestro', 'https://storage.googleapis.com/daviresio-products-assets/D_959874-MLU71494960737_092023-N.jpg', 'hierramentas', false, '2024-10-07 00:13:09', '2024-10-07 00:13:09');
INSERT INTO public.product VALUES ('99e22241-7d77-4fa0-a4b7-ea8db87cb28d', 'Manifold Combinado R410/ R22/r134 Refrigeración', 'ProHerram', 597642.00, 20.00, 478113.60, 159371.20, 3, false, NULL, 'Fuerza y Precisión', 'https://storage.googleapis.com/daviresio-products-assets/D_978357-MLA77246463610_072024-N.jpg', 'hierramentas', false, '2024-10-07 00:13:09', '2024-10-07 00:13:09');
INSERT INTO public.product VALUES ('7066175e-c3ea-4461-8e94-85097f1c8804', 'Amoladora De Banco Total 350w Tbg35020-4 Color Turquesa Frecuencia 50 Hz/60 Hz', 'ForjaMax', 101239.00, 11.00, 90002.71, 18000.54, 5, false, NULL, 'Todo para el Taller', 'https://storage.googleapis.com/daviresio-products-assets/D_985212-MLU77860421252_072024-N.jpg', 'hierramentas', false, '2024-10-07 00:13:09', '2024-10-07 00:13:09');
INSERT INTO public.product VALUES ('51fd900e-296d-456e-abfd-4c91e9cbe645', 'Tijera Corta Chapa Neumatica Cizalla Industrial Rotake 4103', 'Poder & Mano', 347109.00, 15.00, 295042.65, 73760.66, 4, true, 'DAILY_OFFER', 'La Caja de Herramientas', 'https://storage.googleapis.com/daviresio-products-assets/D_995811-MLA49326216409_032022-N.jpg', 'hierramentas', false, '2024-10-07 00:13:09', '2024-10-07 00:13:09');


INSERT INTO public.product_review VALUES ('7571205d-1a1b-4777-96f4-576e3bcf87a8', '4ac649cb-f7cd-48d4-9af6-71a05ef2e33d', 387, 1.30, false, '2024-10-07 00:13:09', '2024-10-07 00:13:09');
INSERT INTO public.product_review VALUES ('dfd7d135-651b-4d4e-bca0-710db898f248', 'd1ca4155-fae3-47c5-890a-d3f2d72f45ed', 624, 4.20, false, '2024-10-07 00:13:09', '2024-10-07 00:13:09');
INSERT INTO public.product_review VALUES ('7df64e1a-2294-48b0-8667-66f6acfd60cd', '245b80c0-bfad-4c7a-9d67-4f480416439e', 111, 3.70, false, '2024-10-07 00:13:09', '2024-10-07 00:13:09');
INSERT INTO public.product_review VALUES ('31109334-890a-4745-a40f-c023beddac4d', '160a4563-bcd5-4122-9be0-575136fbfb33', 550, 0.90, false, '2024-10-07 00:13:09', '2024-10-07 00:13:09');
INSERT INTO public.product_review VALUES ('5f8a4268-6744-46bb-9cfc-3808aaf8ead3', 'e552b865-59ac-4d97-9fa9-f04c02516116', 765, 4.80, false, '2024-10-07 00:13:09', '2024-10-07 00:13:09');
INSERT INTO public.product_review VALUES ('f0e46316-55c0-445a-a990-afbda8cb9e59', 'a91fe25e-2c69-47a7-a360-535ef1c77c1a', 222, 1.60, false, '2024-10-07 00:13:09', '2024-10-07 00:13:09');
INSERT INTO public.product_review VALUES ('9d230cfd-df68-48db-901b-a9f7043bc771', '4b17b45b-fa1e-41cc-8fe9-e631c00aa03f', 35, 2.50, false, '2024-10-07 00:13:09', '2024-10-07 00:13:09');
INSERT INTO public.product_review VALUES ('d2d03b25-b0aa-4313-8d82-d815d9890720', 'f7424b02-565a-48d6-b3d9-ef6d8c316090', 978, 0.10, false, '2024-10-07 00:13:09', '2024-10-07 00:13:09');
INSERT INTO public.product_review VALUES ('8c160f1c-4674-4eb8-a93f-b995d6c63724', 'f192db18-27c9-43ea-83a5-758733d803a7', 452, 4.40, false, '2024-10-07 00:13:09', '2024-10-07 00:13:09');
INSERT INTO public.product_review VALUES ('9d456362-1b07-48a4-b850-8189aa7ae349', '9d85680b-2eb4-41f0-ba99-47d60b859576', 690, 3.10, false, '2024-10-07 00:13:09', '2024-10-07 00:13:09');
INSERT INTO public.product_review VALUES ('27946a32-bb05-4a4e-9a76-6e7b8f3d7aac', 'f766abae-b746-4f3b-8053-dd876a162e63', 879, 2.80, false, '2024-10-07 00:13:09', '2024-10-07 00:13:09');
INSERT INTO public.product_review VALUES ('7bcb5a6d-2585-41e5-b40d-66c1c3fe3bd9', 'f57af3fc-095c-49cf-86e6-a03e0ea4bdc8', 303, 1.10, false, '2024-10-07 00:13:09', '2024-10-07 00:13:09');
INSERT INTO public.product_review VALUES ('9b9ff012-bea4-4a63-86fa-84a79ab6281f', '81702b96-cafc-49db-87bd-0367e5d1a66c', 710, 4.90, false, '2024-10-07 00:13:09', '2024-10-07 00:13:09');
INSERT INTO public.product_review VALUES ('f2cdb422-f5f8-4d1b-9fad-3f7974e87843', 'd3ac9802-e761-4d38-b080-57a88683770f', 496, 3.40, false, '2024-10-07 00:13:09', '2024-10-07 00:13:09');
INSERT INTO public.product_review VALUES ('714b6e28-de3d-4584-aecd-add255599490', '7942ba5b-156c-4942-b81c-ef99d564dc61', 102, 0.70, false, '2024-10-07 00:13:09', '2024-10-07 00:13:09');
INSERT INTO public.product_review VALUES ('70364bab-ea45-4f4f-85ab-9576ead496fd', '358dd788-8b1a-49a8-bc9b-6e7b55e086c3', 235, 2.20, false, '2024-10-07 00:13:09', '2024-10-07 00:13:09');
INSERT INTO public.product_review VALUES ('fce0cb41-3e3f-4617-a3d4-fe4fa283686d', '37b4988a-0d7e-4471-8583-2fb812e5b33f', 89, 1.50, false, '2024-10-07 00:13:09', '2024-10-07 00:13:09');
INSERT INTO public.product_review VALUES ('68de3b06-1a99-4035-8398-3baa1d9b3f92', '88a9ffcd-9c7d-4c26-b5a4-f375fdce699b', 723, 3.80, false, '2024-10-07 00:13:09', '2024-10-07 00:13:09');
INSERT INTO public.product_review VALUES ('4f45e4c8-9a9a-4d13-a98d-fee7fee2f7b7', 'a401f61d-4d0c-4d1d-9fc3-0718ccc15507', 491, 4.00, false, '2024-10-07 00:13:09', '2024-10-07 00:13:09');
INSERT INTO public.product_review VALUES ('907900d2-b711-4052-9e8c-c8da7441a69c', '60194037-eeec-494b-b811-8cd483b2c5ca', 577, 1.70, false, '2024-10-07 00:13:09', '2024-10-07 00:13:09');
INSERT INTO public.product_review VALUES ('104caf70-b737-43ab-8593-51379166b874', '338ab18b-5de1-4f6e-bb34-b4a9729c9e39', 88, 2.90, false, '2024-10-07 00:13:09', '2024-10-07 00:13:09');
INSERT INTO public.product_review VALUES ('75c37c35-b442-460d-a103-f76ac7489da4', '2d95b768-00c3-4bcb-956b-fdc525e8e112', 650, 4.70, false, '2024-10-07 00:13:09', '2024-10-07 00:13:09');
INSERT INTO public.product_review VALUES ('cac4b98d-eaac-4277-9b6d-c8f7ffd5ae99', 'de589e51-35e3-4836-9b37-22a932999311', 132, 0.40, false, '2024-10-07 00:13:09', '2024-10-07 00:13:09');
INSERT INTO public.product_review VALUES ('a20da9f0-dab0-4e35-af5e-2d8d4b302d67', '143b6137-b5a9-442a-a1f2-4c6662d134a8', 801, 3.30, false, '2024-10-07 00:13:09', '2024-10-07 00:13:09');
INSERT INTO public.product_review VALUES ('ff693895-8134-4f99-ae51-715609a59166', '6ca02303-ee2c-4f1a-9f7f-31f0ba1d20e4', 940, 1.00, false, '2024-10-07 00:13:09', '2024-10-07 00:13:09');
INSERT INTO public.product_review VALUES ('d9585178-fed9-4cb3-aeee-169649e9efae', '3ba7351d-1ab3-4534-8866-ff96b590358c', 52, 2.10, false, '2024-10-07 00:13:09', '2024-10-07 00:13:09');
INSERT INTO public.product_review VALUES ('34e60b7a-ccb8-46d0-88d7-3a751f687cc2', 'f1d22c14-e216-4351-953e-23658da77ef3', 387, 0.60, false, '2024-10-07 00:13:09', '2024-10-07 00:13:09');
INSERT INTO public.product_review VALUES ('44e1a23d-4a5e-4512-a445-d93fad20078a', '51fd900e-296d-456e-abfd-4c91e9cbe645', 276, 3.90, false, '2024-10-07 00:13:09', '2024-10-07 00:13:09');
INSERT INTO public.product_review VALUES ('748375af-5ed8-41b0-b123-d7a1efda77ff', 'b0f2b375-bef2-4cb7-9acf-375676d53e71', 914, 4.10, false, '2024-10-07 00:13:09', '2024-10-07 00:13:09');
INSERT INTO public.product_review VALUES ('32ca303d-e1ff-4853-a7e3-45d71dc47cf1', '1ba5e6db-2637-4045-9ea8-3ec71018ecc5', 569, 0.20, false, '2024-10-07 00:13:09', '2024-10-07 00:13:09');
INSERT INTO public.product_review VALUES ('2fde2267-5405-42e0-bee9-03bc84334bfe', '99e22241-7d77-4fa0-a4b7-ea8db87cb28d', 45, 2.40, false, '2024-10-07 00:13:09', '2024-10-07 00:13:09');
INSERT INTO public.product_review VALUES ('f806f8e1-90a0-4c90-857c-fb05c6b69e8e', 'd02b559a-b5fc-45fc-be0f-267aed67e58a', 364, 1.80, false, '2024-10-07 00:13:09', '2024-10-07 00:13:09');
INSERT INTO public.product_review VALUES ('f925f928-9d07-4f1e-9a29-aaf5c9eceb8e', '6051bc8a-d6da-4a2d-9f01-13236d276f6c', 813, 4.50, false, '2024-10-07 00:13:09', '2024-10-07 00:13:09');
INSERT INTO public.product_review VALUES ('04fe1b17-440a-4d68-98c7-02a9c56cc089', '6412f048-00a2-41b1-b739-18c07229bfcd', 479, 3.00, false, '2024-10-07 00:13:09', '2024-10-07 00:13:09');
INSERT INTO public.product_review VALUES ('af848cdd-5092-4cc9-9a89-0486e3e472b7', '6097593c-1e01-4c1a-b388-7ee1b2a269a9', 715, 2.60, false, '2024-10-07 00:13:09', '2024-10-07 00:13:09');
INSERT INTO public.product_review VALUES ('fd4f4b4a-0320-456b-8989-53ad97d99d6f', 'e12b2d2f-acc7-4a2b-beb6-73bac67a6bdf', 100, 0.30, false, '2024-10-07 00:13:09', '2024-10-07 00:13:09');
INSERT INTO public.product_review VALUES ('3c5d690b-87fb-46c7-b791-7a17ad36be9b', 'c2b42ee1-49f4-4ad0-b05a-a30c70c04b6b', 68, 4.30, false, '2024-10-07 00:13:09', '2024-10-07 00:13:09');
INSERT INTO public.product_review VALUES ('635dcd90-8245-45e0-83da-dc3d3d2ab3b3', '2a54549c-71c8-4d10-8e53-c84c6a821903', 593, 1.90, false, '2024-10-07 00:13:09', '2024-10-07 00:13:09');
INSERT INTO public.product_review VALUES ('30e08268-0832-4cad-8dd9-cc5eaf256cca', '2945d7c9-dc79-461e-b74f-b16bc40cd743', 220, 0.50, false, '2024-10-07 00:13:09', '2024-10-07 00:13:09');
INSERT INTO public.product_review VALUES ('b2f2968f-668b-4d58-b869-023415a755de', '62811f64-edee-481d-aa3f-25840474549e', 876, 3.60, false, '2024-10-07 00:13:09', '2024-10-07 00:13:09');
INSERT INTO public.product_review VALUES ('b65ce16c-80de-458b-b57b-169f0cc7d4a8', '340f67ff-8d09-418a-b137-8d2e25f655b8', 485, 2.00, false, '2024-10-07 00:13:09', '2024-10-07 00:13:09');
INSERT INTO public.product_review VALUES ('3c2a4f30-df3b-47a6-9d4c-55865cf91792', 'fe20c078-8d46-4ed6-9539-952a73a30ef9', 70, 4.60, false, '2024-10-07 00:13:09', '2024-10-07 00:13:09');
INSERT INTO public.product_review VALUES ('d55fc95f-dd3a-4bcc-89e5-1010b6aa5724', 'f7ee07ff-55f9-44d6-bf7a-07da3591bc38', 728, 1.40, false, '2024-10-07 00:13:09', '2024-10-07 00:13:09');
INSERT INTO public.product_review VALUES ('1071263a-8cbe-4986-bdb8-6fa3c85c565c', '4446282e-e744-4270-b0a7-ad3b5528ebc5', 909, 3.20, false, '2024-10-07 00:13:09', '2024-10-07 00:13:09');
INSERT INTO public.product_review VALUES ('c073cc3b-1fd2-4eff-9624-da7c5451afbd', 'b6b48660-1b37-4301-baf5-4c02271f9734', 318, 0.80, false, '2024-10-07 00:13:09', '2024-10-07 00:13:09');
INSERT INTO public.product_review VALUES ('f5c6f26e-9e2f-4248-8cc9-276b53590ac5', '65442f7b-468e-4eae-9a75-3b2e89f0b648', 678, 2.70, false, '2024-10-07 00:13:09', '2024-10-07 00:13:09');
INSERT INTO public.product_review VALUES ('517c570c-2547-4913-9a2f-22623411ddc2', '5ddfa9ac-6e77-4f7e-972e-1f1a73e09f4a', 252, 4.90, false, '2024-10-07 00:13:09', '2024-10-07 00:13:09');
INSERT INTO public.product_review VALUES ('40b19b69-4ef1-4151-b01d-679976c643d6', '571bcc4f-4d5f-4513-b923-895456b7ffcc', 897, 1.20, false, '2024-10-07 00:13:09', '2024-10-07 00:13:09');
INSERT INTO public.product_review VALUES ('ddbb8fbb-50e4-4131-8e4b-9805e3e5a07d', '7fb923d1-fea1-4058-a5ce-df9f430ef633', 144, 0.00, false, '2024-10-07 00:13:09', '2024-10-07 00:13:09');
INSERT INTO public.product_review VALUES ('a097f56c-147b-42ab-b510-13151e9ab959', '82af3f2e-5954-4fd7-82d8-ca70a1e02eda', 532, 3.50, false, '2024-10-07 00:13:09', '2024-10-07 00:13:09');
INSERT INTO public.product_review VALUES ('d031791f-168c-4aa4-8fc1-40d4946dabb8', '7f935a27-91ea-4fbe-ac05-49f5394963ae', 290, 2.30, false, '2024-10-07 00:13:09', '2024-10-07 00:13:09');
INSERT INTO public.product_review VALUES ('976f7e23-351a-43b1-91e8-8daf5fcbcbbd', '40ce64d3-7d10-471e-99c4-972106af62fd', 387, 0.10, false, '2024-10-07 00:13:09', '2024-10-07 00:13:09');
INSERT INTO public.product_review VALUES ('d4489567-883d-4d44-b244-11e804faf0cf', 'db13312f-2632-410e-90ce-df5619d09601', 645, 1.60, false, '2024-10-07 00:13:09', '2024-10-07 00:13:09');
INSERT INTO public.product_review VALUES ('0ec8daca-7c52-474a-afbd-4cd939514dc2', '922ef6fd-fe11-4d9f-bda2-b173f16e496d', 122, 4.80, false, '2024-10-07 00:13:09', '2024-10-07 00:13:09');
INSERT INTO public.product_review VALUES ('f17b3f3b-60fa-4495-a38b-71ab44768e88', 'a375533d-b101-4c04-ad09-32423b21bbc0', 744, 3.40, false, '2024-10-07 00:13:09', '2024-10-07 00:13:09');
INSERT INTO public.product_review VALUES ('d51fca02-1af1-4b0c-ad20-54875d76f1f1', '72435f9e-4f7d-4c3d-a50c-64d8c77034d3', 319, 2.50, false, '2024-10-07 00:13:09', '2024-10-07 00:13:09');
INSERT INTO public.product_review VALUES ('073bf3a2-6f71-4ce9-861c-adfd78df00e8', 'd2d958ea-5130-4b7b-9ba4-ba1ac287f93a', 587, 0.70, false, '2024-10-07 00:13:09', '2024-10-07 00:13:09');
INSERT INTO public.product_review VALUES ('ed2a6144-b887-456a-b1c2-76bc3ce94898', 'f80fbdc9-791c-407c-aae6-fbddd950ff32', 838, 4.10, false, '2024-10-07 00:13:09', '2024-10-07 00:13:09');
INSERT INTO public.product_review VALUES ('a76f3d58-4725-40a4-ab4d-c5466049f396', 'e2e3556f-7a26-4c45-9cb3-28bb4eb61b8b', 495, 3.90, false, '2024-10-07 00:13:09', '2024-10-07 00:13:09');
INSERT INTO public.product_review VALUES ('ced2e2a2-fa02-44b4-89e2-d0a72fe31545', 'edf25c3b-d07b-4ce0-a079-9334d5e37fbc', 227, 1.50, false, '2024-10-07 00:13:09', '2024-10-07 00:13:09');
INSERT INTO public.product_review VALUES ('2868096d-d1f9-469f-989e-9b836f550fa3', 'cd81a6e8-c71f-4c84-a374-9203f010fcb3', 714, 2.80, false, '2024-10-07 00:13:09', '2024-10-07 00:13:09');
INSERT INTO public.product_review VALUES ('c4e68277-5652-4f90-af36-168c3f4d6e32', '20158c06-5555-4442-96c0-cdf8dd69ec2c', 389, 0.60, false, '2024-10-07 00:13:09', '2024-10-07 00:13:09');
INSERT INTO public.product_review VALUES ('a31cd34c-be06-40a6-ba1d-305366134418', '7c44b44f-bf3e-495a-852c-6299f8709344', 179, 4.30, false, '2024-10-07 00:13:09', '2024-10-07 00:13:09');
INSERT INTO public.product_review VALUES ('1edb7dbd-007e-44e8-8752-439c05b71e6c', '689c2f3e-167f-4dbe-99ae-a9490d6bef13', 956, 3.70, false, '2024-10-07 00:13:09', '2024-10-07 00:13:09');
INSERT INTO public.product_review VALUES ('4f1b358d-fd10-4937-b878-de8bbea10729', 'd226a623-4f95-4cda-9f35-83487104139d', 504, 1.90, false, '2024-10-07 00:13:09', '2024-10-07 00:13:09');
INSERT INTO public.product_review VALUES ('1f93d6ae-22d7-43a3-9270-c017965c3957', 'd87b332e-6f9f-477a-bced-25aa9cc14813', 672, 0.30, false, '2024-10-07 00:13:09', '2024-10-07 00:13:09');
INSERT INTO public.product_review VALUES ('e30a1176-0c9c-4480-86f0-08f972503c70', '473fd385-e00b-4185-b487-8d2381837d40', 241, 2.60, false, '2024-10-07 00:13:09', '2024-10-07 00:13:09');
INSERT INTO public.product_review VALUES ('e6c16ac6-f55a-43d6-bcb9-45edd8659bda', '9e7eaf0b-c985-4da1-af93-559bac961b76', 891, 4.00, false, '2024-10-07 00:13:09', '2024-10-07 00:13:09');
INSERT INTO public.product_review VALUES ('e3cc056a-3acb-4a8a-876b-8b4c3d2e0509', 'd7e769e2-695f-42c7-b17a-7df527bd8bec', 326, 1.10, false, '2024-10-07 00:13:09', '2024-10-07 00:13:09');
INSERT INTO public.product_review VALUES ('bfe7848e-6a92-4f20-8e77-08b666fe7a63', '859d29ba-f550-432a-8f01-17cc87e895a1', 99, 3.20, false, '2024-10-07 00:13:09', '2024-10-07 00:13:09');
INSERT INTO public.product_review VALUES ('8906c653-450c-46b7-b8c0-1acff7dd4703', '90c5841b-7a84-4193-b961-d6ec5891f4bd', 720, 0.90, false, '2024-10-07 00:13:09', '2024-10-07 00:13:09');
INSERT INTO public.product_review VALUES ('e600b1af-0838-4e21-9a62-6ac1b62bc658', '7d7a1f76-45a9-4893-b29a-16e54982c83b', 860, 2.40, false, '2024-10-07 00:13:09', '2024-10-07 00:13:09');
INSERT INTO public.product_review VALUES ('9cca11f5-7d8f-46b6-8753-89588207702c', 'f379f62f-9e47-4c7f-bbca-7ae47dd591fe', 311, 4.70, false, '2024-10-07 00:13:09', '2024-10-07 00:13:09');
INSERT INTO public.product_review VALUES ('c757198d-0175-47cc-abdf-85d4fe22b734', 'a357d06b-a3fd-48c2-bb72-21f26995f8ec', 194, 1.80, false, '2024-10-07 00:13:09', '2024-10-07 00:13:09');
INSERT INTO public.product_review VALUES ('8ab9a587-9139-4fb1-93cc-f02b04f72ae5', 'ca77bdca-6e1a-4c39-a747-425eccf2ce94', 473, 3.50, false, '2024-10-07 00:13:09', '2024-10-07 00:13:09');
INSERT INTO public.product_review VALUES ('82cde4ff-a7ef-434b-8bbb-17492ecb0408', '963a3be5-0c4e-490f-994f-27ae9de3c62d', 510, 0.50, false, '2024-10-07 00:13:09', '2024-10-07 00:13:09');
INSERT INTO public.product_review VALUES ('f6f5d7d0-a443-4a47-a94e-47aadc5cab0b', '5ab6c3f4-a4d6-4bc1-95a4-45c728522a8a', 796, 2.90, false, '2024-10-07 00:13:09', '2024-10-07 00:13:09');
INSERT INTO public.product_review VALUES ('fb80df78-2359-49eb-a390-27df195f909d', '26adfbd7-4308-4fb9-9a58-b3a3312923fb', 163, 4.50, false, '2024-10-07 00:13:09', '2024-10-07 00:13:09');
INSERT INTO public.product_review VALUES ('7ef4d835-e6dc-464f-a18b-84257ec3ea5e', 'bfad1c15-959b-4ac0-a861-f164493bebf4', 569, 1.00, false, '2024-10-07 00:13:09', '2024-10-07 00:13:09');
INSERT INTO public.product_review VALUES ('7dd7d42c-3d5c-40a1-97c3-44180aa4a953', '96071bb9-42ba-4548-8c70-e7b7e27f6344', 318, 3.80, false, '2024-10-07 00:13:09', '2024-10-07 00:13:09');
INSERT INTO public.product_review VALUES ('b35d1470-0b18-4494-84f9-be798215d5ce', 'd9620a63-5060-4a12-a759-5adb19ea1d05', 882, 0.40, false, '2024-10-07 00:13:09', '2024-10-07 00:13:09');
INSERT INTO public.product_review VALUES ('2fa70bdd-b279-43ed-a612-7d6311a653d8', '48c6c5af-1fa9-4b3e-ba3c-4494e011b223', 437, 2.10, false, '2024-10-07 00:13:09', '2024-10-07 00:13:09');
INSERT INTO public.product_review VALUES ('3a09bc13-d763-440d-a97e-709b6bc7fa67', '88543220-43d9-4e78-a341-5ae8756e9ccf', 109, 4.20, false, '2024-10-07 00:13:09', '2024-10-07 00:13:09');
INSERT INTO public.product_review VALUES ('0caa2c40-09f7-4663-8a57-daaa70d6328b', '0fc63cf1-014c-481c-b751-21571834993e', 795, 1.70, false, '2024-10-07 00:13:09', '2024-10-07 00:13:09');
INSERT INTO public.product_review VALUES ('fa80de67-3edd-4828-8d33-30a1eddf289a', '5d14897a-836d-471d-b77a-055ba453187c', 562, 3.30, false, '2024-10-07 00:13:09', '2024-10-07 00:13:09');
INSERT INTO public.product_review VALUES ('a4c6d9e6-eacf-4d6d-ae86-f1bbd53c6af6', 'ff57e187-093c-4035-87ea-5f2cf4bd20a0', 275, 0.20, false, '2024-10-07 00:13:09', '2024-10-07 00:13:09');
INSERT INTO public.product_review VALUES ('d8c86ac1-4172-46bc-85c1-10c24bb3bccd', '313cf194-f777-4304-a6fb-86ca66558aec', 36, 2.00, false, '2024-10-07 00:13:09', '2024-10-07 00:13:09');
INSERT INTO public.product_review VALUES ('d31abb54-37af-49b5-ab17-50dff6d1c194', '3b12be5c-49c5-4485-933c-99fcda16ddac', 658, 4.40, false, '2024-10-07 00:13:09', '2024-10-07 00:13:09');
INSERT INTO public.product_review VALUES ('d2c49051-7fea-47a3-807f-ff3a4bcfc7ca', '55aef443-0f11-428a-8066-451d0f5ecddb', 297, 1.30, false, '2024-10-07 00:13:09', '2024-10-07 00:13:09');
INSERT INTO public.product_review VALUES ('34fe6d37-0e8c-4a8b-8570-8faac464d4d5', '58cde7e1-beba-442f-a530-a81666a2c002', 914, 0.80, false, '2024-10-07 00:13:09', '2024-10-07 00:13:09');
INSERT INTO public.product_review VALUES ('14f0277b-4f65-43dd-b096-062a0ea12efc', '5b202b75-bd3f-4e3c-942d-cef9c2a809cf', 108, 3.10, false, '2024-10-07 00:13:09', '2024-10-07 00:13:09');
INSERT INTO public.product_review VALUES ('30c647a3-f736-4ce8-b7a8-6d84165bf2b7', '22fed844-4e30-42ac-9894-c87c8ee51287', 528, 2.70, false, '2024-10-07 00:13:09', '2024-10-07 00:13:09');
INSERT INTO public.product_review VALUES ('7f02a310-e848-46b7-a6ef-404e7abbb0c3', 'd20f2993-c84d-43e5-af3c-5fadd4dd6a37', 665, 0.00, false, '2024-10-07 00:13:09', '2024-10-07 00:13:09');
INSERT INTO public.product_review VALUES ('7180e98c-3444-4c78-9cc1-39782bcda649', 'b742d934-1d1d-439b-9012-a07d28f7ffc1', 703, 4.60, false, '2024-10-07 00:13:09', '2024-10-07 00:13:09');
INSERT INTO public.product_review VALUES ('3493ad40-b42a-499c-928b-ddc2e2fc90e7', '7066175e-c3ea-4461-8e94-85097f1c8804', 182, 1.40, false, '2024-10-07 00:13:09', '2024-10-07 00:13:09');
INSERT INTO public.product_review VALUES ('d8d1d691-1f38-4e0c-a7eb-8bd448188bb0', 'be131d80-0e43-4a8b-bfd9-6271185e5dfc', 531, 0.00, false, '2024-10-07 00:13:09', '2024-10-07 00:13:09');
INSERT INTO public.product_review VALUES ('0e12cda2-044f-4f40-bcc2-2882699080ae', 'e15d9ca7-c6b6-48c2-a044-e69a46559553', 900, 0.00, false, '2024-10-07 00:13:09', '2024-10-07 00:13:09');
INSERT INTO public.product_review VALUES ('6716c00d-d2c7-4b10-ad50-868e2b2e8737', 'c069cf14-1908-4057-9694-13fc0df64c6b', 278, 0.00, false, '2024-10-07 00:13:09', '2024-10-07 00:13:09');
INSERT INTO public.product_review VALUES ('7fd7c12c-a577-4018-ad51-d9a34eed4504', 'eb95e056-34f5-4fca-8196-e79de1e42e51', 421, 0.00, false, '2024-10-07 00:13:09', '2024-10-07 00:13:09');
INSERT INTO public.product_review VALUES ('f585f3ac-6b36-445b-a7b3-7ba0a3f9a0cd', 'b852e524-b4f3-4f5f-aaef-03c448912625', 755, 0.00, false, '2024-10-07 00:13:09', '2024-10-07 00:13:09');



INSERT INTO public.shipping_info VALUES ('3805e23d-1cb3-4483-8585-52c4ed98a5cb', '4ac649cb-f7cd-48d4-9af6-71a05ef2e33d', true, false, '2024-10-07 00:13:09', '2024-10-07 00:13:09');
INSERT INTO public.shipping_info VALUES ('4a21446d-9825-461b-a449-7349628d3460', 'd1ca4155-fae3-47c5-890a-d3f2d72f45ed', false, false, '2024-10-07 00:13:09', '2024-10-07 00:13:09');
INSERT INTO public.shipping_info VALUES ('99188a00-1b9a-4883-a58d-bf3c3512ac35', '245b80c0-bfad-4c7a-9d67-4f480416439e', true, false, '2024-10-07 00:13:09', '2024-10-07 00:13:09');
INSERT INTO public.shipping_info VALUES ('19c16319-c926-44da-b6e9-495541d07484', '160a4563-bcd5-4122-9be0-575136fbfb33', false, false, '2024-10-07 00:13:09', '2024-10-07 00:13:09');
INSERT INTO public.shipping_info VALUES ('754224f8-76c5-417e-9fd3-ba9def0f7950', 'e552b865-59ac-4d97-9fa9-f04c02516116', true, false, '2024-10-07 00:13:09', '2024-10-07 00:13:09');
INSERT INTO public.shipping_info VALUES ('e9be10c0-6a89-4a40-8161-5a296988fe07', 'a91fe25e-2c69-47a7-a360-535ef1c77c1a', false, false, '2024-10-07 00:13:09', '2024-10-07 00:13:09');
INSERT INTO public.shipping_info VALUES ('839f9435-693e-412a-89d3-2bf3f94c4ba5', '4b17b45b-fa1e-41cc-8fe9-e631c00aa03f', true, false, '2024-10-07 00:13:09', '2024-10-07 00:13:09');
INSERT INTO public.shipping_info VALUES ('f89db3a7-b155-43f5-a424-ef2851e5a59b', 'f7424b02-565a-48d6-b3d9-ef6d8c316090', true, false, '2024-10-07 00:13:09', '2024-10-07 00:13:09');
INSERT INTO public.shipping_info VALUES ('ed94bc58-40a4-4436-879a-82f2a98b4b79', 'f192db18-27c9-43ea-83a5-758733d803a7', false, false, '2024-10-07 00:13:09', '2024-10-07 00:13:09');
INSERT INTO public.shipping_info VALUES ('d060c7db-96bc-4ef6-a07a-19adda88690b', '9d85680b-2eb4-41f0-ba99-47d60b859576', true, false, '2024-10-07 00:13:09', '2024-10-07 00:13:09');
INSERT INTO public.shipping_info VALUES ('36d96665-fd52-46da-a079-46f7187a773e', 'f766abae-b746-4f3b-8053-dd876a162e63', false, false, '2024-10-07 00:13:09', '2024-10-07 00:13:09');
INSERT INTO public.shipping_info VALUES ('19e2b9ae-2647-408a-ae82-3f164c3592be', 'f57af3fc-095c-49cf-86e6-a03e0ea4bdc8', false, false, '2024-10-07 00:13:09', '2024-10-07 00:13:09');
INSERT INTO public.shipping_info VALUES ('931d8a0b-0f6a-45a2-b45d-34f294e190ed', '81702b96-cafc-49db-87bd-0367e5d1a66c', true, false, '2024-10-07 00:13:09', '2024-10-07 00:13:09');
INSERT INTO public.shipping_info VALUES ('ea095e93-1532-4c37-b702-fdbac92923f5', 'd3ac9802-e761-4d38-b080-57a88683770f', false, false, '2024-10-07 00:13:09', '2024-10-07 00:13:09');
INSERT INTO public.shipping_info VALUES ('46831a99-ff9e-4795-9bce-bca8158a09f4', '7942ba5b-156c-4942-b81c-ef99d564dc61', true, false, '2024-10-07 00:13:09', '2024-10-07 00:13:09');
INSERT INTO public.shipping_info VALUES ('5b7d34b1-63ab-40dc-81ad-dd4dd3053175', '358dd788-8b1a-49a8-bc9b-6e7b55e086c3', true, false, '2024-10-07 00:13:09', '2024-10-07 00:13:09');
INSERT INTO public.shipping_info VALUES ('4ae87d21-654b-4c86-b28c-37fb15413c85', '37b4988a-0d7e-4471-8583-2fb812e5b33f', false, false, '2024-10-07 00:13:09', '2024-10-07 00:13:09');
INSERT INTO public.shipping_info VALUES ('b56669e5-3db8-4683-a233-49e37cf88a1b', '88a9ffcd-9c7d-4c26-b5a4-f375fdce699b', false, false, '2024-10-07 00:13:09', '2024-10-07 00:13:09');
INSERT INTO public.shipping_info VALUES ('3e25ccef-d098-4166-8989-7d47bf02f6f9', 'a401f61d-4d0c-4d1d-9fc3-0718ccc15507', true, false, '2024-10-07 00:13:09', '2024-10-07 00:13:09');
INSERT INTO public.shipping_info VALUES ('f4db6948-959b-4d58-9546-45ed21fe2789', '60194037-eeec-494b-b811-8cd483b2c5ca', true, false, '2024-10-07 00:13:09', '2024-10-07 00:13:09');
INSERT INTO public.shipping_info VALUES ('6f5d7bee-06ca-4d92-8fcb-8b035cb5a66a', '338ab18b-5de1-4f6e-bb34-b4a9729c9e39', false, false, '2024-10-07 00:13:09', '2024-10-07 00:13:09');
INSERT INTO public.shipping_info VALUES ('801ff511-435c-402d-9acf-1feec40617c7', '2d95b768-00c3-4bcb-956b-fdc525e8e112', true, false, '2024-10-07 00:13:09', '2024-10-07 00:13:09');
INSERT INTO public.shipping_info VALUES ('fb046a44-d8c9-4f6f-85cc-787fdc68d36d', 'de589e51-35e3-4836-9b37-22a932999311', false, false, '2024-10-07 00:13:09', '2024-10-07 00:13:09');
INSERT INTO public.shipping_info VALUES ('6f5709ee-d650-4560-81b5-263481eb6518', '143b6137-b5a9-442a-a1f2-4c6662d134a8', true, false, '2024-10-07 00:13:09', '2024-10-07 00:13:09');
INSERT INTO public.shipping_info VALUES ('d156e093-3c49-4f85-b288-26f3f4639761', '6ca02303-ee2c-4f1a-9f7f-31f0ba1d20e4', false, false, '2024-10-07 00:13:09', '2024-10-07 00:13:09');
INSERT INTO public.shipping_info VALUES ('03ca58e7-9114-4da8-88d9-5278b955f89a', '3ba7351d-1ab3-4534-8866-ff96b590358c', false, false, '2024-10-07 00:13:09', '2024-10-07 00:13:09');
INSERT INTO public.shipping_info VALUES ('429d8bd8-3f7e-4ed6-b6e9-9b0f81d5bc6d', 'f1d22c14-e216-4351-953e-23658da77ef3', true, false, '2024-10-07 00:13:09', '2024-10-07 00:13:09');
INSERT INTO public.shipping_info VALUES ('8c83a2fc-c87f-455c-817b-1448e02d0564', '51fd900e-296d-456e-abfd-4c91e9cbe645', false, false, '2024-10-07 00:13:09', '2024-10-07 00:13:09');
INSERT INTO public.shipping_info VALUES ('25a6cbd1-1195-49b9-9a68-fc33924f8e0a', 'b0f2b375-bef2-4cb7-9acf-375676d53e71', true, false, '2024-10-07 00:13:09', '2024-10-07 00:13:09');
INSERT INTO public.shipping_info VALUES ('f3025889-8e54-4ed4-9754-00c5b566284b', '1ba5e6db-2637-4045-9ea8-3ec71018ecc5', true, false, '2024-10-07 00:13:09', '2024-10-07 00:13:09');
INSERT INTO public.shipping_info VALUES ('d50aecee-b452-4ca8-adb7-16a4d513176f', '99e22241-7d77-4fa0-a4b7-ea8db87cb28d', false, false, '2024-10-07 00:13:09', '2024-10-07 00:13:09');
INSERT INTO public.shipping_info VALUES ('a3119656-7f23-4bd5-8e07-0b8b37947f56', 'd02b559a-b5fc-45fc-be0f-267aed67e58a', true, false, '2024-10-07 00:13:09', '2024-10-07 00:13:09');
INSERT INTO public.shipping_info VALUES ('9ef9031f-d88b-4a19-88da-cf44b74d1c2f', '6051bc8a-d6da-4a2d-9f01-13236d276f6c', true, false, '2024-10-07 00:13:09', '2024-10-07 00:13:09');
INSERT INTO public.shipping_info VALUES ('c85a334b-34c9-459d-9e91-09495e338b9d', '6412f048-00a2-41b1-b739-18c07229bfcd', false, false, '2024-10-07 00:13:09', '2024-10-07 00:13:09');
INSERT INTO public.shipping_info VALUES ('faab5c7e-5da6-43ac-862c-ea4e3c724c54', '6097593c-1e01-4c1a-b388-7ee1b2a269a9', false, false, '2024-10-07 00:13:09', '2024-10-07 00:13:09');
INSERT INTO public.shipping_info VALUES ('3ef48166-f4d7-40b3-a97e-d5ddb457691a', 'e12b2d2f-acc7-4a2b-beb6-73bac67a6bdf', true, false, '2024-10-07 00:13:09', '2024-10-07 00:13:09');
INSERT INTO public.shipping_info VALUES ('447eee69-cca8-4d85-90ef-cafb468f62da', 'c2b42ee1-49f4-4ad0-b05a-a30c70c04b6b', true, false, '2024-10-07 00:13:09', '2024-10-07 00:13:09');
INSERT INTO public.shipping_info VALUES ('ad519ed9-d15e-4d62-b852-23e3bf0ab3c7', '2a54549c-71c8-4d10-8e53-c84c6a821903', false, false, '2024-10-07 00:13:09', '2024-10-07 00:13:09');
INSERT INTO public.shipping_info VALUES ('be3af69e-d6d0-4202-a2b3-f027fc12c488', '2945d7c9-dc79-461e-b74f-b16bc40cd743', true, false, '2024-10-07 00:13:09', '2024-10-07 00:13:09');
INSERT INTO public.shipping_info VALUES ('16f8e228-a2e3-4c81-872e-e2dcf87a863f', '62811f64-edee-481d-aa3f-25840474549e', false, false, '2024-10-07 00:13:09', '2024-10-07 00:13:09');
INSERT INTO public.shipping_info VALUES ('55e24632-6ed2-4954-bcf3-4e73236d8f9c', '340f67ff-8d09-418a-b137-8d2e25f655b8', true, false, '2024-10-07 00:13:09', '2024-10-07 00:13:09');
INSERT INTO public.shipping_info VALUES ('6cd74cf8-cd74-4eed-8e2c-44ecb73d26f7', 'fe20c078-8d46-4ed6-9539-952a73a30ef9', false, false, '2024-10-07 00:13:09', '2024-10-07 00:13:09');
INSERT INTO public.shipping_info VALUES ('72e3e2e6-1f44-420e-9c9c-c99a5b52d2bf', 'f7ee07ff-55f9-44d6-bf7a-07da3591bc38', true, false, '2024-10-07 00:13:09', '2024-10-07 00:13:09');
INSERT INTO public.shipping_info VALUES ('e01aca50-fd54-4c26-80e4-9f65605cd102', '4446282e-e744-4270-b0a7-ad3b5528ebc5', false, false, '2024-10-07 00:13:09', '2024-10-07 00:13:09');
INSERT INTO public.shipping_info VALUES ('595ca1cf-865d-400e-bd3e-625341314db7', 'b6b48660-1b37-4301-baf5-4c02271f9734', true, false, '2024-10-07 00:13:09', '2024-10-07 00:13:09');
INSERT INTO public.shipping_info VALUES ('a5e93447-8ea9-4efc-9a64-508d5da18117', '65442f7b-468e-4eae-9a75-3b2e89f0b648', false, false, '2024-10-07 00:13:09', '2024-10-07 00:13:09');
INSERT INTO public.shipping_info VALUES ('f9b602e3-a043-4109-9b98-05b03c3e13d6', '5ddfa9ac-6e77-4f7e-972e-1f1a73e09f4a', false, false, '2024-10-07 00:13:09', '2024-10-07 00:13:09');
INSERT INTO public.shipping_info VALUES ('3feae5d4-6251-491b-b8e2-64e9bcedc565', '571bcc4f-4d5f-4513-b923-895456b7ffcc', true, false, '2024-10-07 00:13:09', '2024-10-07 00:13:09');
INSERT INTO public.shipping_info VALUES ('535ced3b-4876-4932-9294-9249fe0501d6', '7fb923d1-fea1-4058-a5ce-df9f430ef633', true, false, '2024-10-07 00:13:09', '2024-10-07 00:13:09');
INSERT INTO public.shipping_info VALUES ('e03a3403-2a38-43a1-83f9-2abbe103cad0', '82af3f2e-5954-4fd7-82d8-ca70a1e02eda', false, false, '2024-10-07 00:13:09', '2024-10-07 00:13:09');
INSERT INTO public.shipping_info VALUES ('e83644d1-a102-4f16-904a-2f4f3b179f8d', '7f935a27-91ea-4fbe-ac05-49f5394963ae', false, false, '2024-10-07 00:13:09', '2024-10-07 00:13:09');
INSERT INTO public.shipping_info VALUES ('5feb4f6c-b7bd-4665-8dd5-558b6462b176', '40ce64d3-7d10-471e-99c4-972106af62fd', true, false, '2024-10-07 00:13:09', '2024-10-07 00:13:09');
INSERT INTO public.shipping_info VALUES ('bce51645-5847-464a-b672-18df379c2c03', 'db13312f-2632-410e-90ce-df5619d09601', true, false, '2024-10-07 00:13:09', '2024-10-07 00:13:09');
INSERT INTO public.shipping_info VALUES ('a8c85aa5-b753-469e-9a09-919e4694eaf1', '922ef6fd-fe11-4d9f-bda2-b173f16e496d', false, false, '2024-10-07 00:13:09', '2024-10-07 00:13:09');
INSERT INTO public.shipping_info VALUES ('ad28f570-2d8e-4404-9c42-957b2fb6c7cc', 'a375533d-b101-4c04-ad09-32423b21bbc0', true, false, '2024-10-07 00:13:09', '2024-10-07 00:13:09');
INSERT INTO public.shipping_info VALUES ('78a2d695-faf1-4d49-b373-b79b5d3a1e36', '72435f9e-4f7d-4c3d-a50c-64d8c77034d3', true, false, '2024-10-07 00:13:09', '2024-10-07 00:13:09');
INSERT INTO public.shipping_info VALUES ('07761867-21ff-4597-b93e-550aa9f550a6', 'd2d958ea-5130-4b7b-9ba4-ba1ac287f93a', false, false, '2024-10-07 00:13:09', '2024-10-07 00:13:09');
INSERT INTO public.shipping_info VALUES ('58d19b33-a889-4a4c-8fe6-17ec79918eee', 'f80fbdc9-791c-407c-aae6-fbddd950ff32', true, false, '2024-10-07 00:13:09', '2024-10-07 00:13:09');
INSERT INTO public.shipping_info VALUES ('560ca292-add6-41d0-9194-bab2a7d52503', 'e2e3556f-7a26-4c45-9cb3-28bb4eb61b8b', false, false, '2024-10-07 00:13:09', '2024-10-07 00:13:09');
INSERT INTO public.shipping_info VALUES ('5ffd7afe-8c23-4c47-8b7d-3dfbc53e7542', 'edf25c3b-d07b-4ce0-a079-9334d5e37fbc', false, false, '2024-10-07 00:13:09', '2024-10-07 00:13:09');
INSERT INTO public.shipping_info VALUES ('f5b85152-35ce-4d8e-a3a9-4a0be7b852eb', 'cd81a6e8-c71f-4c84-a374-9203f010fcb3', true, false, '2024-10-07 00:13:09', '2024-10-07 00:13:09');
INSERT INTO public.shipping_info VALUES ('533ebf29-9172-425a-84dc-157d4ff8835b', '20158c06-5555-4442-96c0-cdf8dd69ec2c', false, false, '2024-10-07 00:13:09', '2024-10-07 00:13:09');
INSERT INTO public.shipping_info VALUES ('84532ad5-802c-4e9f-8b17-f3dd2c2d8756', '7c44b44f-bf3e-495a-852c-6299f8709344', true, false, '2024-10-07 00:13:09', '2024-10-07 00:13:09');
INSERT INTO public.shipping_info VALUES ('c7001d8b-55fc-490c-9581-ecca3b499a06', '689c2f3e-167f-4dbe-99ae-a9490d6bef13', false, false, '2024-10-07 00:13:09', '2024-10-07 00:13:09');
INSERT INTO public.shipping_info VALUES ('b43d7369-4bc4-4cba-9c83-3d2c1533571b', 'd226a623-4f95-4cda-9f35-83487104139d', true, false, '2024-10-07 00:13:09', '2024-10-07 00:13:09');
INSERT INTO public.shipping_info VALUES ('0106ef85-8745-4cfc-bb37-ec383c9bebb8', 'd87b332e-6f9f-477a-bced-25aa9cc14813', true, false, '2024-10-07 00:13:09', '2024-10-07 00:13:09');
INSERT INTO public.shipping_info VALUES ('efef769b-4273-4a7f-ae01-f0eb7ae02e51', '473fd385-e00b-4185-b487-8d2381837d40', false, false, '2024-10-07 00:13:09', '2024-10-07 00:13:09');
INSERT INTO public.shipping_info VALUES ('8e39706b-b009-4a71-b271-e36f6a7a9654', '9e7eaf0b-c985-4da1-af93-559bac961b76', false, false, '2024-10-07 00:13:09', '2024-10-07 00:13:09');
INSERT INTO public.shipping_info VALUES ('d749ca31-3d86-4c3e-9784-e04ead5dde41', 'd7e769e2-695f-42c7-b17a-7df527bd8bec', true, false, '2024-10-07 00:13:09', '2024-10-07 00:13:09');
INSERT INTO public.shipping_info VALUES ('5ec66ee6-feeb-4f58-894c-aeccc9a2ec88', '859d29ba-f550-432a-8f01-17cc87e895a1', true, false, '2024-10-07 00:13:09', '2024-10-07 00:13:09');
INSERT INTO public.shipping_info VALUES ('464c3e89-a617-4109-a872-2e77595a3792', '90c5841b-7a84-4193-b961-d6ec5891f4bd', false, false, '2024-10-07 00:13:09', '2024-10-07 00:13:09');
INSERT INTO public.shipping_info VALUES ('1f98b3f7-73d1-46dd-a8a3-27473a2b612a', '7d7a1f76-45a9-4893-b29a-16e54982c83b', false, false, '2024-10-07 00:13:09', '2024-10-07 00:13:09');
INSERT INTO public.shipping_info VALUES ('ea4c2272-e81d-4055-9b81-03213238b922', 'f379f62f-9e47-4c7f-bbca-7ae47dd591fe', true, false, '2024-10-07 00:13:09', '2024-10-07 00:13:09');
INSERT INTO public.shipping_info VALUES ('6920ab39-9e49-4f63-88eb-b83fdc821cf9', 'a357d06b-a3fd-48c2-bb72-21f26995f8ec', true, false, '2024-10-07 00:13:09', '2024-10-07 00:13:09');
INSERT INTO public.shipping_info VALUES ('4495e442-b20a-4796-a0fe-6962d8dfaa13', 'ca77bdca-6e1a-4c39-a747-425eccf2ce94', false, false, '2024-10-07 00:13:09', '2024-10-07 00:13:09');
INSERT INTO public.shipping_info VALUES ('bd6802e6-c30f-440a-aac1-4f68d5022dc9', '963a3be5-0c4e-490f-994f-27ae9de3c62d', true, false, '2024-10-07 00:13:09', '2024-10-07 00:13:09');
INSERT INTO public.shipping_info VALUES ('d7e845e4-1bf3-492a-9ef2-4f0b97b87951', '5ab6c3f4-a4d6-4bc1-95a4-45c728522a8a', false, false, '2024-10-07 00:13:09', '2024-10-07 00:13:09');
INSERT INTO public.shipping_info VALUES ('23b7a24f-7b4f-4831-8ba8-9568ec2947bf', '26adfbd7-4308-4fb9-9a58-b3a3312923fb', true, false, '2024-10-07 00:13:09', '2024-10-07 00:13:09');
INSERT INTO public.shipping_info VALUES ('7fb2cc68-8e5e-4dd4-90a3-6ec6b069fa9d', 'bfad1c15-959b-4ac0-a861-f164493bebf4', false, false, '2024-10-07 00:13:09', '2024-10-07 00:13:09');
INSERT INTO public.shipping_info VALUES ('dbfd9f65-ea56-4794-a82b-0c735053f924', '96071bb9-42ba-4548-8c70-e7b7e27f6344', false, false, '2024-10-07 00:13:09', '2024-10-07 00:13:09');
INSERT INTO public.shipping_info VALUES ('0757269c-8f97-4449-a298-a814606a9fd1', 'd9620a63-5060-4a12-a759-5adb19ea1d05', true, false, '2024-10-07 00:13:09', '2024-10-07 00:13:09');
INSERT INTO public.shipping_info VALUES ('c5bc0a04-2959-4874-ab0c-14a56c7bc26e', '48c6c5af-1fa9-4b3e-ba3c-4494e011b223', true, false, '2024-10-07 00:13:09', '2024-10-07 00:13:09');
INSERT INTO public.shipping_info VALUES ('0731d376-b8cf-4853-8842-25d34faabfff', '88543220-43d9-4e78-a341-5ae8756e9ccf', false, false, '2024-10-07 00:13:09', '2024-10-07 00:13:09');
INSERT INTO public.shipping_info VALUES ('f2040a40-d2e8-4d2a-8d10-4bd58fe54a9f', '0fc63cf1-014c-481c-b751-21571834993e', false, false, '2024-10-07 00:13:09', '2024-10-07 00:13:09');
INSERT INTO public.shipping_info VALUES ('0841aec7-a5d9-4aee-97b0-f0938bc6ea50', '5d14897a-836d-471d-b77a-055ba453187c', true, false, '2024-10-07 00:13:09', '2024-10-07 00:13:09');
INSERT INTO public.shipping_info VALUES ('ac388272-2ef7-405e-be2e-ae47c77c4728', 'ff57e187-093c-4035-87ea-5f2cf4bd20a0', false, false, '2024-10-07 00:13:09', '2024-10-07 00:13:09');
INSERT INTO public.shipping_info VALUES ('0a937f08-2bf6-42e8-bf77-b2a905b5832d', '313cf194-f777-4304-a6fb-86ca66558aec', true, false, '2024-10-07 00:13:09', '2024-10-07 00:13:09');
INSERT INTO public.shipping_info VALUES ('62f1fd0a-10fd-4101-9d7f-85bcf86c7f6f', '3b12be5c-49c5-4485-933c-99fcda16ddac', true, false, '2024-10-07 00:13:09', '2024-10-07 00:13:09');
INSERT INTO public.shipping_info VALUES ('44802a43-ecdd-4055-b503-744cff631fdd', '55aef443-0f11-428a-8066-451d0f5ecddb', false, false, '2024-10-07 00:13:09', '2024-10-07 00:13:09');
INSERT INTO public.shipping_info VALUES ('2606ee1f-ed07-47a5-8e5f-19989d75c8da', '58cde7e1-beba-442f-a530-a81666a2c002', false, false, '2024-10-07 00:13:09', '2024-10-07 00:13:09');
INSERT INTO public.shipping_info VALUES ('3d9c93ed-1fae-4bf6-8ef1-278d910fcca0', '5b202b75-bd3f-4e3c-942d-cef9c2a809cf', true, false, '2024-10-07 00:13:09', '2024-10-07 00:13:09');
INSERT INTO public.shipping_info VALUES ('01b33837-6861-4a89-9605-fb78662baed2', '22fed844-4e30-42ac-9894-c87c8ee51287', true, false, '2024-10-07 00:13:09', '2024-10-07 00:13:09');
INSERT INTO public.shipping_info VALUES ('c0722ce2-5800-41a9-b5a6-6df68d113a56', 'd20f2993-c84d-43e5-af3c-5fadd4dd6a37', false, false, '2024-10-07 00:13:09', '2024-10-07 00:13:09');
INSERT INTO public.shipping_info VALUES ('ff8ca9e7-6137-4eec-8ccc-91d38188b163', 'b742d934-1d1d-439b-9012-a07d28f7ffc1', true, false, '2024-10-07 00:13:09', '2024-10-07 00:13:09');
INSERT INTO public.shipping_info VALUES ('f1c6a09a-7d5d-4a0f-9e6b-c5cc667ab98e', '7066175e-c3ea-4461-8e94-85097f1c8804', true, false, '2024-10-07 00:13:09', '2024-10-07 00:13:09');
INSERT INTO public.shipping_info VALUES ('fbaf6fec-4e22-4ffa-9859-5e6ea743cb62', 'be131d80-0e43-4a8b-bfd9-6271185e5dfc', false, false, '2024-10-07 00:13:09', '2024-10-07 00:13:09');
INSERT INTO public.shipping_info VALUES ('3951b194-ffa7-40fd-965e-558eb303487c', 'e15d9ca7-c6b6-48c2-a044-e69a46559553', true, false, '2024-10-07 00:13:09', '2024-10-07 00:13:09');
INSERT INTO public.shipping_info VALUES ('4baa5131-6a60-4dd6-8136-5a62f61c905f', 'c069cf14-1908-4057-9694-13fc0df64c6b', false, false, '2024-10-07 00:13:09', '2024-10-07 00:13:09');
INSERT INTO public.shipping_info VALUES ('c07e1d27-fd09-4a0c-aefe-78deedef7064', 'eb95e056-34f5-4fca-8196-e79de1e42e51', true, false, '2024-10-07 00:13:09', '2024-10-07 00:13:09');
INSERT INTO public.shipping_info VALUES ('6db0c456-207e-4e0a-9b47-5f9db9142933', 'b852e524-b4f3-4f5f-aaef-03c448912625', false, false, '2024-10-07 00:13:09', '2024-10-07 00:13:09');


